Year,Month,GDP_nominal,GDP_real,Price_index
1959,1,-227.58508442111685,-22758.508442111684,1
1959,2,-206.92467349419573,-20692.467349419574,1
1959,3,-188.971357210163,-18897.1357210163,1
1959,4,-165.62233559186166,-16562.233559186167,1
1959,5,-157.85380866213364,-15785.380866213365,1
1959,6,-137.87497644382114,-13787.497644382114,1
1959,7,-125.77703895976653,-12577.703895976652,1
1959,8,-119.88419623281206,-11988.419623281206,1
1959,9,-113.13864828579989,-11313.864828579988,1
1959,10,-95.46059514157275,-9546.059514157276,1
1959,11,-92.44923682297232,-9244.923682297233,1
1959,12,-68.11177335284124,-6811.177335284124,1
1960,1,-58.384404754021574,-5838.440475402157,1
1960,2,-44.66733104935579,-4466.733104935579,1
1960,3,-34.184752261686,-3418.4752261686,1
1960,4,-28.06586841385452,-2806.586841385452,1
1960,5,-19.23287952870349,-1923.2879528703488,1
1960,6,-18.04398562907553,-1804.3985629075528,1
1960,7,-6.833386737812438,-683.3386737812438,1
1960,8,-10.505282877757166,-1050.5282877757165,1
1960,9,4.4341259282487915,443.41259282487914,1
1960,10,8.723639657362757,872.3639657362756,1
1960,11,17.29205828674218,1729.2058286742179,1
1960,12,5.768181793545629,576.818179354563,1
1961,1,19.68981015493004,1968.981015493004,1
1961,2,29.043743348053273,2904.374334805327,1
1961,3,34.29978135007347,3429.9781350073467,1
1961,4,43.702724138148184,4370.272413814819,1
1961,5,49.32237168943472,4932.237168943472,1
1961,6,52.447523981091265,5244.752398109126,1
1961,7,55.6949809902756,5569.49809902756,1
1961,8,66.76954269414512,6676.954269414511,1
1961,9,72.14200906985772,7214.200906985772,1
1961,10,76.04118009457113,7604.118009457114,1
1961,11,86.57485574544302,8657.485574544302,1
1961,12,83.39383599963136,8339.383599963136,1
1962,1,92.22392083429358,9222.392083429359,1
1962,2,95.00491022658753,9500.491022658753,1
1962,3,99.92860415367092,9992.860415367091,1
1962,4,99.43880259270139,9943.88025927014,1
1962,5,108.9953055208369,10899.53055208369,1
1962,6,105.67691291523505,10567.691291523504,1
1962,7,100.07742475305344,10007.742475305344,1
1962,8,103.57864101145012,10357.86410114501,1
1962,9,109.80936166758244,10980.936166758243,1
1962,10,102.75838669860863,10275.838669860863,1
1962,11,102.30751608168569,10230.75160816857,1
1962,12,103.09254979397193,10309.254979397192,1
1963,1,97.25128781262501,9725.128781262501,1
1963,2,103.48653011480239,10348.653011480239,1
1963,3,99.4570766776622,9945.70766776622,1
1963,4,99.43272747836164,9943.272747836165,1
1963,5,103.67628249405888,10367.628249405889,1
1963,6,104.92154170191179,10492.15417019118,1
1963,7,105.97130507907724,10597.130507907725,1
1963,8,105.84437260271389,10584.437260271388,1
1963,9,102.32654424997895,10232.654424997894,1
1963,10,102.28661999803067,10228.661999803067,1
1963,11,95.89039982402602,9589.039982402603,1
1963,12,92.85668370512312,9285.668370512312,1
1964,1,105.02627161848005,10502.627161848006,1
1964,2,100.50496354125394,10050.496354125395,1
1964,3,98.02855945060278,9802.855945060279,1
1964,4,96.51585932368437,9651.585932368436,1
1964,5,93.01366313765647,9301.366313765646,1
1964,6,92.94877086967651,9294.87708696765,1
1964,7,88.69898249690254,8869.898249690254,1
1964,8,84.50409799649202,8450.409799649202,1
1964,9,89.01791734560294,8901.791734560295,1
1964,10,71.65524052139284,7165.524052139284,1
1964,11,69.3618675010197,6936.186750101971,1
1964,12,72.0715982616409,7207.15982616409,1
1965,1,64.79523278041417,6479.523278041417,1
1965,2,63.20957103449777,6320.957103449777,1
1965,3,86.15041300104883,8615.041300104884,1
1965,4,68.9665586572256,6896.6558657225605,1
1965,5,62.41780798018499,6241.780798018499,1
1965,6,54.91096094708568,5491.096094708568,1
1965,7,58.636817535085,5863.6817535085,1
1965,8,53.680177721340485,5368.017772134049,1
1965,9,48.04584148301002,4804.584148301003,1
1965,10,50.84160879725141,5084.160879725141,1
1965,11,47.91927964122216,4791.9279641222165,1
1965,12,47.36665399208087,4736.665399208087,1
1966,1,41.3165318269837,4131.65318269837,1
1966,2,45.42271312308965,4542.271312308965,1
1966,3,45.239997857555984,4523.999785755598,1
1966,4,31.406186007540352,3140.618600754035,1
1966,5,25.836077550201004,2583.6077550201003,1
1966,6,21.682472462694953,2168.2472462694955,1
1966,7,14.722170722180262,1472.2170722180263,1
1966,8,12.869972305814894,1286.9972305814895,1
1966,9,4.293677190756152,429.3677190756152,1
1966,10,0.7730853541618643,77.30853541618643,1
1966,11,-10.947003226809887,-1094.7003226809886,1
1966,12,-22.689788575001966,-2268.9788575001967,1
1967,1,-3.6504707132560856,-365.04707132560856,1
1967,2,-37.28624966441459,-3728.624966441459,1
1967,3,-38.43032545131983,-3843.032545131983,1
1967,4,-48.4808980968148,-4848.08980968148,1
1967,5,-59.79616762374079,-5979.616762374079,1
1967,6,-69.91333405494001,-6991.3334054940005,1
1967,7,-68.87359741325574,-6887.359741325574,1
1967,8,-53.28315772152892,-5328.315772152892,1
1967,9,-81.7392150026034,-8173.9215002603405,1
1967,10,-103.36096927931985,-10336.096927931985,1
1967,11,-72.77262057452177,-7277.262057452177,1
1967,12,-73.06936891105063,-7306.936891105063,1
1968,1,30.44458568825078,3044.4585688250777,1
1968,2,12.847043200540924,1284.7043200540925,1
1968,3,8.82080360297634,882.0803602976341,1
1968,4,11.968666872715922,1196.8666872715921,1
1968,5,2.5134329869163707,251.34329869163707,1
1968,6,-14.161098077263865,-1416.1098077263866,1
1968,7,-5.58212634266706,-558.212634266706,1
1968,8,-6.062851832135749,-606.2851832135749,1
1968,9,-30.055472256752182,-3005.547225675218,1
1968,10,-16.96515845339154,-1696.5158453391539,1
1968,11,-27.70206392073007,-2770.206392073007,1
1968,12,-45.159341868474115,-4515.934186847411,1
1969,1,-36.986145506330004,-3698.6145506330004,1
1969,2,-44.38362804400434,-4438.362804400434,1
1969,3,-35.2919426912036,-3529.1942691203603,1
1969,4,-41.91024265763399,-4191.024265763399,1
1969,5,-48.49468115300252,-4849.468115300252,1
1969,6,-62.07741138701479,-6207.741138701479,1
1969,7,-55.53658656937755,-5553.658656937755,1
1969,8,-51.82835990979788,-5182.835990979788,1
1969,9,-65.71188461798064,-6571.188461798064,1
1969,10,-68.95931390363369,-6895.931390363368,1
1969,11,-83.53380097646286,-8353.380097646286,1
1969,12,-89.84249904617438,-8984.249904617438,1
1970,1,-113.96856132247558,-11396.856132247558,1
1970,2,-98.75414101507202,-9875.414101507202,1
1970,3,-113.0573913336703,-11305.73913336703,1
1970,4,-107.69346548797714,-10769.346548797714,1
1970,5,-128.23551668769812,-12823.551668769813,1
1970,6,-128.81969814254083,-12881.969814254084,1
1970,7,-124.55116306221112,-12455.116306221113,1
1970,8,-131.98630844820786,-13198.630844820786,1
1970,9,-158.06317914959388,-15806.317914959387,1
1970,10,-159.45062813571087,-15945.062813571087,1
1970,11,-168.5045806105041,-16850.45806105041,1
1970,12,-170.60196177792028,-17060.19617779203,1
1971,1,-155.7656968419055,-15576.56968419055,1
1971,2,-169.04171100640554,-16904.171100640553,1
1971,3,-160.53192947536644,-16053.192947536643,1
1971,4,-173.34327745273492,-17334.32774527349,1
1971,5,-172.70968014245733,-17270.968014245733,1
1971,6,-168.9410627484798,-16894.106274847978,1
1971,7,-188.49535047474728,-18849.53504747473,1
1971,8,-179.5984685252065,-17959.846852520648,1
1971,9,-181.12834210380447,-18112.834210380446,1
1971,10,-204.30889641448627,-20430.889641448626,1
1971,11,-203.02105666119905,-20302.105666119904,1
1971,12,-174.18574804788844,-17418.574804788845,1
1972,1,-171.8048957785002,-17180.48957785002,1
1972,2,-190.3114250569812,-19031.14250569812,1
1972,3,-172.77026108727736,-17277.026108727736,1
1972,4,-169.68332907333487,-16968.332907333486,1
1972,5,-166.00655421909954,-16600.655421909953,1
1972,6,-179.61586172851725,-17961.586172851723,1
1972,7,-177.1031768055354,-17710.31768055354,1
1972,8,-155.38142465409962,-15538.142465409961,1
1972,9,-160.63853047815502,-16063.853047815503,1
1972,10,-152.26241948164875,-15226.241948164876,1
1972,11,-146.74701686852757,-14674.701686852757,1
1972,12,-147.52024784273672,-14752.024784273672,1
1973,1,-118.76203760822145,-11876.203760822145,1
1973,2,-126.82631136892965,-12682.631136892966,1
1973,3,-114.74499432880714,-11474.499432880713,1
1973,4,-106.65101169179962,-10665.101169179963,1
1973,5,-112.14428866185328,-11214.428866185328,1
1973,6,-104.02775044291457,-10402.775044291457,1
1973,7,-88.77032223892948,-8877.032223892948,1
1973,8,-115.55892925384339,-11555.892925384338,1
1973,9,-79.21549669160396,-7921.549669160396,1
1973,10,-77.42394975615662,-7742.394975615662,1
1973,11,-66.44721365144692,-6644.721365144692,1
1973,12,-72.37321358142148,-7237.321358142148,1
1974,1,-84.0398747500271,-8403.98747500271,1
1974,2,-94.98412236120866,-9498.412236120867,1
1974,3,-81.02188161891408,-8102.188161891408,1
1974,4,-94.81107772708742,-9481.107772708743,1
1974,5,-81.38863588967637,-8138.863588967636,1
1974,6,-69.36348131062682,-6936.348131062682,1
1974,7,-85.69553919388456,-8569.553919388456,1
1974,8,-96.03573474339595,-9603.573474339595,1
1974,9,-55.06899316310706,-5506.899316310706,1
1974,10,-40.806239656963825,-4080.6239656963826,1
1974,11,-49.23739942891361,-4923.739942891361,1
1974,12,-50.47339768289986,-5047.339768289986,1
1975,1,-79.33315962287257,-7933.315962287257,1
1975,2,-67.48061045277471,-6748.061045277471,1
1975,3,-86.26967537655266,-8626.967537655266,1
1975,4,-80.96827959815576,-8096.827959815576,1
1975,5,-81.08634832152644,-8108.634832152645,1
1975,6,-63.61280675061247,-6361.280675061247,1
1975,7,-57.48958008935979,-5748.958008935979,1
1975,8,-47.44259354171432,-4744.259354171431,1
1975,9,-54.69477231162267,-5469.477231162267,1
1975,10,-28.500041603030695,-2850.0041603030695,1
1975,11,-45.04532661988543,-4504.532661988543,1
1975,12,-42.964552566131275,-4296.455256613128,1
1976,1,-18.460644645716137,-1846.0644645716136,1
1976,2,-7.173528062584108,-717.3528062584107,1
1976,3,-16.801128020684583,-1680.1128020684582,1
1976,4,-1.7003697239608897,-170.03697239608897,1
1976,5,9.334821623640718,933.4821623640718,1
1976,6,9.0405208181716,904.0520818171601,1
1976,7,-4.877197344312108,-487.71973443121084,1
1976,8,-12.074258067756404,-1207.4258067756405,1
1976,9,7.204413443892051,720.4413443892051,1
1976,10,12.579891986684828,1257.989198668483,1
1976,11,2.33225235668057,233.225235668057,1
1976,12,49.67356934992938,4967.3569349929385,1
1977,1,32.27091776248464,3227.091776248464,1
1977,2,17.774372390402817,1777.4372390402818,1
1977,3,28.446008029736788,2844.6008029736786,1
1977,4,45.116899476538805,4511.68994765388,1
1977,5,78.47612152686514,7847.6121526865145,1
1977,6,29.643748976769018,2964.374897676902,1
1977,7,73.61285662230313,7361.2856622303125,1
1977,8,72.00051925952134,7200.051925952134,1
1977,9,93.67281168448011,9367.281168448011,1
1977,10,52.96580869322875,5296.5808693228755,1
1977,11,82.11958508182605,8211.958508182604,1
1977,12,101.79721564632263,10179.721564632262,1
1978,1,70.03877518277389,7003.877518277389,1
1978,2,69.06233848723139,6906.233848723139,1
1978,3,156.32498035575009,15632.498035575009,1
1978,4,188.97177562050064,18897.177562050063,1
1978,5,193.16780128040674,19316.780128040675,1
1978,6,212.64013769289207,21264.013769289206,1
1978,7,177.89786550427056,17789.786550427056,1
1978,8,233.97406536086095,23397.406536086095,1
1978,9,229.22581790898488,22922.581790898486,1
1978,10,247.15620379495772,24715.620379495773,1
1978,11,261.3723036650992,26137.23036650992,1
1978,12,270.33519816572687,27033.519816572687,1
1979,1,257.16896794315903,25716.896794315904,1
1979,2,266.08069364371784,26608.069364371782,1
1979,3,284.3574559137153,28435.745591371528,1
1979,4,282.41433539947616,28241.433539947615,1
1979,5,287.71941274731637,28771.94127473164,1
1979,6,297.04576860355235,29704.576860355235,1
1979,7,354.68448361450453,35468.44836145045,1
1979,8,310.35863842649223,31035.863842649225,1
1979,9,271.013313685833,27101.331368583298,1
1979,10,350.90559003884334,35090.55900388434,1
1979,11,324.8575481318464,32485.754813184638,1
1979,12,316.58126861115534,31658.126861115532,1
1980,1,391.02783212309333,39102.78321230933,1
1980,2,321.9813193139747,32198.13193139747,1
1980,3,330.0338108301213,33003.38108301213,1
1980,4,388.8503873178478,38885.03873178478,1
1980,5,281.98812942347774,28198.812942347773,1
1980,6,280.7091177933262,28070.91177933262,1
1980,7,335.16143307371084,33516.14330737109,1
1980,8,295.6341559109521,29563.415591095207,1
1980,9,354.44036695136964,35444.036695136965,1
1980,10,391.76314684127794,39176.31468412779,1
1980,11,378.7555762269998,37875.55762269998,1
1980,12,397.8477357548497,39784.77357548497,1
1981,1,430.9657060711488,43096.57060711488,1
1981,2,449.7165678222159,44971.65678222159,1
1981,3,502.03240165436756,50203.24016543676,1
1981,4,394.3902882139229,39439.02882139229,1
1981,5,411.0483081471996,41104.83081471996,1
1981,6,419.90054210051835,41990.054210051836,1
1981,7,450.83807072019556,45083.807072019554,1
1981,8,425.0639746525483,42506.397465254835,1
1981,9,437.8363345439004,43783.633454390045,1
1981,10,346.5712310405663,34657.123104056634,1
1981,11,384.04274478886373,38404.27447888637,1
1981,12,341.88295643511367,34188.29564351137,1
1982,1,238.86794662563398,23886.7946625634,1
1982,2,314.4438040386468,31444.38040386468,1
1982,3,348.1163201161806,34811.63201161806,1
1982,4,332.11108539119937,33211.10853911994,1
1982,5,214.06620443856897,21406.620443856897,1
1982,6,273.97478183316423,27397.478183316423,1
1982,7,257.8769221498485,25787.69221498485,1
1982,8,134.3787299634891,13437.87299634891,1
1982,9,192.15930984895894,19215.930984895895,1
1982,10,140.66076638112486,14066.076638112485,1
1982,11,125.52620413485523,12552.620413485523,1
1982,12,135.60772768501454,13560.772768501454,1
1983,1,153.36144160647785,15336.144160647786,1
1983,2,146.01045047410707,14601.045047410707,1
1983,3,128.98885886277705,12898.885886277705,1
1983,4,157.34077134734997,15734.077134734996,1
1983,5,103.72229250269702,10372.229250269702,1
1983,6,196.91352690368296,19691.352690368298,1
1983,7,176.68057912518515,17668.057912518514,1
1983,8,181.15455374206465,18115.455374206464,1
1983,9,194.71955532918912,19471.955532918913,1
1983,10,133.18968846143213,13318.968846143212,1
1983,11,194.27205771365703,19427.205771365705,1
1983,12,216.89176766073805,21689.176766073804,1
1984,1,182.03792287754035,18203.792287754037,1
1984,2,195.32462793892503,19532.462793892504,1
1984,3,190.7939874197719,19079.39874197719,1
1984,4,176.40710589494574,17640.710589494574,1
1984,5,245.95708793931323,24595.708793931324,1
1984,6,193.94003812774108,19394.003812774106,1
1984,7,137.55806103510105,13755.806103510105,1
1984,8,237.71026123625933,23771.026123625932,1
1984,9,134.59074330609027,13459.074330609028,1
1984,10,186.580611819456,18658.061181945603,1
1984,11,170.96797135121957,17096.797135121957,1
1984,12,181.221926476264,18122.1926476264,1
1985,1,108.52258176944343,10852.258176944344,1
1985,2,142.99704180563268,14299.704180563267,1
1985,3,114.61441115970459,11461.44111597046,1
1985,4,78.04179440651579,7804.179440651579,1
1985,5,61.198296120949664,6119.829612094966,1
1985,6,28.184020877862572,2818.402087786257,1
1985,7,58.88407325212853,5888.407325212853,1
1985,8,96.64655781861369,9664.65578186137,1
1985,9,-35.01242084781367,-3501.2420847813673,1
1985,10,39.13224182771421,3913.224182771421,1
1985,11,-14.264349579932016,-1426.4349579932016,1
1985,12,-70.30709049588434,-7030.709049588434,1
1986,1,-67.33887634527414,-6733.887634527415,1
1986,2,-17.67860255323859,-1767.860255323859,1
1986,3,-87.1201645449018,-8712.01645449018,1
1986,4,-64.4334577453985,-6443.34577453985,1
1986,5,-127.34637757985698,-12734.637757985698,1
1986,6,-134.8328194734161,-13483.28194734161,1
1986,7,-169.5536788512034,-16955.36788512034,1
1986,8,-219.26185113834984,-21926.185113834985,1
1986,9,-218.24323175999007,-21824.32317599901,1
1986,10,-191.89071614124632,-19189.07161412463,1
1986,11,-283.5651997072648,-28356.51997072648,1
1986,12,-258.93557788316707,-25893.557788316706,1
1987,1,-330.5957460940866,-33059.574609408664,1
1987,2,-299.87659976515783,-29987.659976515784,1
1987,3,-277.6750343215117,-27767.50343215117,1
1987,4,-304.85694518827444,-30485.694518827444,1
1987,5,-347.42622779058286,-34742.622779058285,1
1987,6,-359.42277755357253,-35942.27775535725,1
1987,7,-368.0334899023637,-36803.34899023637,1
1987,8,-413.4022602620968,-41340.226026209675,1
1987,9,-340.52098405789934,-34052.09840578993,1
1987,10,-363.02555671490654,-36302.555671490656,1
1987,11,-358.8888736582465,-35888.88736582465,1
1987,12,-329.1257140956588,-32912.57140956588,1
1988,1,-382.0163923652667,-38201.63923652667,1
1988,2,-391.55910658781096,-39155.9106587811,1
1988,3,-316.2420548840259,-31624.20548840259,1
1988,4,-370.62443537464276,-37062.44353746428,1
1988,5,-353.45644618040365,-35345.644618040365,1
1988,6,-351.94828542203163,-35194.82854220316,1
1988,7,-373.806151220269,-37380.6151220269,1
1988,8,-362.1502416958484,-36215.024169584845,1
1988,9,-377.39875496950816,-37739.875496950815,1
1988,10,-408.48088916197554,-40848.08891619756,1
1988,11,-426.8998423939887,-42689.98423939887,1
1988,12,-364.5798127862857,-36457.98127862857,1
1989,1,-381.14099845959925,-38114.09984595992,1
1989,2,-467.6535975346662,-46765.35975346662,1
1989,3,-491.55780813220827,-49155.78081322083,1
1989,4,-477.7428283729766,-47774.28283729766,1
1989,5,-506.8458563776909,-50684.58563776909,1
1989,6,-477.1410902670942,-47714.109026709426,1
1989,7,-532.6017281619253,-53260.17281619253,1
1989,8,-547.7269681829071,-54772.69681829071,1
1989,9,-572.0150084507831,-57201.500845078306,1
1989,10,-612.0110470862857,-61201.10470862857,1
1989,11,-610.929282210154,-61092.928221015405,1
1989,12,-612.200911943112,-61220.0911943112,1
1990,1,-618.4921344059019,-61849.21344059019,1
1990,2,-566.8241477192535,-56682.414771925345,1
1990,3,-578.7591500039067,-57875.91500039067,1
1990,4,-598.8303393805892,-59883.03393805892,1
1990,5,-596.4869139700451,-59648.691397004506,1
1990,6,-652.3800718930028,-65238.007189300275,1
1990,7,-651.6470112701996,-65164.701127019965,1
1990,8,-725.0399302223644,-72503.99302223645,1
1990,9,-759.0200268702324,-75902.00268702324,1
1990,10,-816.6964993345396,-81669.64993345395,1
1990,11,-850.066545736027,-85006.6545736027,1
1990,12,-905.3273641954265,-90532.73641954265,1
1991,1,-936.8701528334708,-93687.01528334708,1
1991,2,-929.8531097708888,-92985.31097708887,1
1991,3,-1014.6164331284211,-101461.64331284212,1
1991,4,-935.6043210268034,-93560.43210268034,1
1991,5,-1009.8089715867704,-100980.89715867705,1
1991,6,-1023.5755829290551,-102357.55829290551,1
1991,7,-1034.3883531743832,-103438.83531743832,1
1991,8,-1054.219480443499,-105421.94804434989,1
1991,9,-1023.4041628571488,-102340.41628571488,1
1991,10,-1050.1265985360321,-105012.65985360321,1
1991,11,-1061.896985600922,-106189.6985600922,1
1991,12,-1151.2325221725412,-115123.25221725412,1
1992,1,-360.3434063716086,-36034.34063716086,1
1992,2,-293.5358363188697,-29353.58363188697,1
1992,3,-305.56001013506295,-30556.001013506295,1
1992,4,-322.4001259409161,-32240.01259409161,1
1992,5,-439.7363818571596,-43973.63818571596,1
1992,6,-305.1459760045419,-30514.59760045419,1
1992,7,-338.4441065037885,-33844.41065037885,1
1992,8,-450.1459714756348,-45014.59714756348,1
1992,9,-418.67476904082133,-41867.476904082134,1
1992,10,-399.4006973200778,-39940.06973200778,1
1992,11,-422.9119544341339,-42291.195443413395,1
1992,12,-371.0437385037294,-37104.37385037294,1
1993,1,12.461752350398228,1246.1752350398228,1
1993,2,-0.34667999247983516,-34.667999247983516,1
1993,3,-51.869233653107244,-5186.923365310724,1
1993,4,-96.31710675219915,-9631.710675219914,1
1993,5,-33.17249741050432,-3317.249741050432,1
1993,6,-89.85360374875995,-8985.360374875996,1
1993,7,-133.4196238876999,-13341.96238876999,1
1993,8,-62.594755948055536,-6259.475594805554,1
1993,9,-41.92362629704701,-4192.362629704701,1
1993,10,-74.08202631115216,-7408.202631115217,1
1993,11,16.701834066674337,1670.1834066674337,1
1993,12,69.1347382021047,6913.47382021047,1
1994,1,-36.21453053918822,-3621.4530539188218,1
1994,2,-58.753188791512684,-5875.318879151268,1
1994,3,-15.422453189206408,-1542.2453189206408,1
1994,4,-37.831540366581635,-3783.1540366581635,1
1994,5,42.24933304203978,4224.933304203978,1
1994,6,-8.60104959765954,-860.1049597659539,1
1994,7,-50.84290492000662,-5084.290492000662,1
1994,8,22.152550440673167,2215.2550440673167,1
1994,9,-34.87390014993889,-3487.390014993889,1
1994,10,23.33252667385193,2333.252667385193,1
1994,11,36.78961427771105,3678.9614277711053,1
1994,12,76.32414602731001,7632.414602731001,1
1995,1,70.62290528833091,7062.290528833091,1
1995,2,5.491675426459551,549.1675426459551,1
1995,3,26.88623980737043,2688.623980737043,1
1995,4,15.15938179673958,1515.938179673958,1
1995,5,33.09088476025613,3309.088476025613,1
1995,6,78.08053206357658,7808.053206357658,1
1995,7,-21.658892927588568,-2165.8892927588568,1
1995,8,86.03039315240517,8603.039315240516,1
1995,9,144.15517366925815,14415.517366925815,1
1995,10,149.29423198865584,14929.423198865585,1
1995,11,156.5903514762481,15659.035147624809,1
1995,12,-628.6486845022664,-62864.86845022664,1
1996,1,-747.0420925812065,-74704.20925812065,1
1996,2,-697.8210893948986,-69782.10893948986,1
1996,3,-660.0748915776788,-66007.48915776788,1
1996,4,355.75928423616676,35575.92842361668,1
1996,5,368.64122141228194,36864.122141228196,1
1996,6,391.3617033163617,39136.17033163617,1
1996,7,334.2375133140795,33423.75133140795,1
1996,8,379.30343477111893,37930.34347711189,1
1996,9,417.25625105315186,41725.62510531519,1
1996,10,476.2387455258621,47623.87455258621,1
1996,11,526.5857015549275,52658.57015549275,1
1996,12,457.16890250602796,45716.890250602795,1
1997,1,438.6281317448346,43862.81317448346,1
1997,2,549.8261726370371,54982.61726370371,1
1997,3,552.003808548306,55200.3808548306,1
1997,4,668.9128228443233,66891.28228443232,1
1997,5,601.0349988907632,60103.499889076316,1
1997,6,709.3561200533139,70935.6120053314,1
1997,7,772.2549700584292,77225.49700584292,1
1997,8,717.9793368266901,71797.93368266901,1
1997,9,803.3310109845538,80333.10109845539,1
1997,10,793.6357832035812,79363.57832035812,1
1997,11,745.2694441553226,74526.94441553226,1
1997,12,811.2867845113219,81128.67845113219,1
1998,1,763.1525949431589,76315.25949431589,1
1998,2,904.3366661223924,90433.66661223925,1
1998,3,941.1897887205639,94118.9788720564,1
1998,4,874.6727534092183,87467.27534092183,1
1998,5,840.8203508599411,84082.03508599411,1
1998,6,979.1023717442592,97910.23717442593,1
1998,7,909.5676067337547,90956.76067337547,1
1998,8,908.3288464999767,90832.88464999768,1
1998,9,1063.2518817144646,106325.18817144647,1
1998,10,1092.0485030487864,109204.85030487864,1
1998,11,1124.899501174506,112489.9501174506,1
1998,12,1053.1976667631714,105319.76667631713,1
1999,1,1055.0997904863254,105509.97904863255,1
1999,2,1082.9136630155488,108291.36630155488,1
1999,3,1160.9490750224013,116094.90750224012,1
1999,4,1153.403817178408,115340.38171784079,1
1999,5,1173.2526801551578,117325.26801551579,1
1999,6,1110.3544546241817,111035.44546241817,1
1999,7,1273.900931257067,127390.0931257067,1
1999,8,1255.788900725323,125578.89007253229,1
1999,9,1233.1521537005335,123315.21537005335,1
1999,10,1346.5014808542826,134650.14808542826,1
1999,11,1367.5456728580627,136754.56728580626,1
1999,12,1429.6865203834861,142968.6520383486,1
2000,1,1458.0268141020788,145802.68141020788,1
2000,2,1442.6693446854047,144266.93446854048,1
2000,3,1572.9069028050262,157290.69028050263,1
2000,4,1707.976279132486,170797.6279132486,1
2000,5,1726.5422643393654,172654.22643393654,1
2000,6,1743.2326490971918,174323.26490971918,1
2000,7,1635.4262240775402,163542.622407754,1
2000,8,1779.3337799519622,177933.37799519624,1
2000,9,1786.6231073920103,178662.31073920103,1
2000,10,1780.1789970692469,178017.89970692468,1
2000,11,1774.0422396552156,177404.22396552155,1
2000,12,1714.4356258215014,171443.56258215013,1
2001,1,1658.4559462396,165845.59462396,1
2001,2,1587.0659915811254,158706.59915811254,1
2001,3,1570.8595525176397,157085.95525176398,1
2001,4,-349.6975802793359,-34969.75802793359,1
2001,5,-305.19761613824005,-30519.761613824005,1
2001,6,-382.63676438750446,-38263.676438750445,1
2001,7,-447.9792343555936,-44797.92343555936,1
2001,8,-379.16223537091685,-37916.22353709168,1
2001,9,-589.6799767619475,-58967.99767619475,1
2001,10,-541.087667857111,-54108.7667857111,1
2001,11,-574.751517984869,-57475.1517984869,1
2001,12,-409.0627364736491,-40906.27364736491,1
2002,1,-431.41053265188026,-43141.05326518803,1
2002,2,-515.6541158480593,-51565.41158480593,1
2002,3,-491.8686953905785,-49186.86953905785,1
2002,4,-470.22648060791585,-47022.64806079159,1
2002,5,-496.6316808284822,-49663.16808284822,1
2002,6,-494.0125053807365,-49401.250538073655,1
2002,7,-461.97016359313653,-46197.01635931365,1
2002,8,-554.3538647941145,-55435.386479411456,1
2002,9,-546.7768183121188,-54677.681831211885,1
2002,10,-577.6322334755855,-57763.22334755855,1
2002,11,-560.8963196129606,-56089.63196129606,1
2002,12,-553.2462860526736,-55324.62860526735,1
2003,1,-555.5373421231786,-55553.73421231786,1
2003,2,-471.5896971529547,-47158.969715295476,1
2003,3,-563.1945604703945,-56319.45604703946,1
2003,4,-520.6191414039879,-52061.91414039879,1
2003,5,-579.652649282133,-57965.2649282133,1
2003,6,-1146.8462934332897,-114684.62934332897,1
2003,7,-1084.7872831859027,-108478.72831859026,1
2003,8,-1053.839827868445,-105383.98278684448,1
2003,9,-982.7671368093067,-98276.71368093067,1
2003,10,-957.2534193369677,-95725.34193369676,1
2003,11,-934.6598847798599,-93465.98847798599,1
2003,12,-953.5757424664298,-95357.57424664298,1
2004,1,-972.348201725124,-97234.8201725124,1
2004,2,-869.5204718843779,-86952.04718843779,1
2004,3,-828.6377622726488,-82863.77622726488,1
2004,4,-872.1172822183764,-87211.72822183765,1
2004,5,-792.0602410499957,-79206.02410499957,1
2004,6,-879.8478480959689,-87984.78480959688,1
2004,7,-739.7063126847034,-73970.63126847034,1
2004,8,-759.888844144661,-75988.8844144661,1
2004,9,-788.1056518043074,-78810.56518043074,1
2004,10,-682.0589449920783,-68205.89449920783,1
2004,11,-700.2389330363802,-70023.89330363802,1
2004,12,-674.2168252657048,-67421.68252657048,1
2005,1,-507.98383100847445,-50798.383100847444,1
2005,2,-540.2521595931125,-54025.21595931125,1
2005,3,-495.91302823339925,-49591.30282333992,1
2005,4,-465.74796068356187,-46574.79606835619,1
2005,5,-517.1528789048126,-51715.28789048126,1
2005,6,-426.79173147125607,-42679.173147125606,1
2005,7,-420.10246695696304,-42010.2466956963,1
2005,8,-344.13403393600925,-34413.40339360092,1
2005,9,-382.1593809824665,-38215.93809824665,1
2005,10,-286.26345667043796,-28626.345667043795,1
2005,11,-255.72220957398005,-25572.220957398004,1
2005,12,-149.93358826719066,-14993.358826719066,1
2006,1,-147.2575413240919,-14725.75413240919,1
2006,2,-120.79201731879368,-12079.201731879368,1
2006,3,5.994035174578869,599.4035174578869,1
2006,4,-36.10633241794574,-3610.6332417945737,1
2006,5,8.156931329460463,815.6931329460463,1
2006,6,2.381877842761469,238.18778427614689,1
2006,7,-55.17744145215778,-5517.744145215778,1
2006,8,11.742024870697264,1174.2024870697264,1
2006,9,14.170328237175,1417.0328237175,1
2006,10,-3.9184799267186463,-391.84799267186463,1
2006,11,78.55365180482727,7855.365180482727,1
2006,12,52.175774857813394,5217.577485781339,1
2007,1,104.35894065815125,10435.894065815126,1
2007,2,213.29720088457668,21329.720088457667,1
2007,3,131.35462238588457,13135.462238588458,1
2007,4,246.31529552411394,24631.529552411394,1
2007,5,292.22931268413544,29222.931268413544,1
2007,6,276.21576625081127,27621.57662508113,1
2007,7,238.83674860893206,23883.674860893207,1
2007,8,371.4253521433096,37142.535214330965,1
2007,9,411.90166923875574,41190.16692387557,1
2007,10,317.34079228014406,31734.079228014405,1
2007,11,342.00781365223384,34200.78136522338,1
2007,12,376.80382573988265,37680.38257398827,1
2008,1,408.8739209279097,40887.39209279097,1
2008,2,166.41119160114738,16641.119160114737,1
2008,3,221.67373014437715,22167.373014437715,1
2008,4,257.2766289424741,25727.66289424741,1
2008,5,264.77898038022227,26477.898038022227,1
2008,6,475.0038768424529,47500.38768424529,1
2008,7,341.3374107139739,34133.74107139739,1
2008,8,242.81167437966042,24281.16743796604,1
2008,9,113.81976022425226,11381.976022425226,1
2008,10,-32.22423936735572,-3222.423936735572,1
2008,11,5.0917679896260495,509.17679896260495,1
2008,12,-279.42712531998404,-27942.712531998404,1
2009,1,-261.6168269113846,-26161.682691138456,1
2009,2,-241.10024439969993,-24110.024439969995,1
2009,3,-326.26928540013773,-32626.928540013774,1
2009,4,-419.2448575278888,-41924.48575278888,1
2009,5,-439.0708683980906,-43907.08683980906,1
2009,6,-438.89622562597697,-43889.622562597695,1
2009,7,-507.84183682667583,-50784.183682667586,1
2009,8,-468.20760961543306,-46820.7609615433,1
2009,9,-486.525451607356,-48652.5451607356,1
2009,10,-343.7372704176332,-34373.727041763326,1
2009,11,-409.7999736614522,-40979.997366145224,1
2009,12,-537.0214689540201,-53702.14689540201,1
2010,1,-448.72966391045793,-44872.96639104579,1
2010,2,-453.82446614600246,-45382.446614600245,1
2010,3,-379.1967832758296,-37919.67832758296,1
2010,4,-379.8715229150647,-37987.15229150647,1
2010,5,-413.0155926789439,-41301.559267894394,1
2010,6,-361.6469001825858,-36164.69001825858,1
2010,7,-292.86435304120096,-29286.435304120096,1
2010,8,-339.0008588700081,-33900.08588700081,1
2010,9,-283.70732528412304,-28370.732528412304,1
2010,10,-216.98265989871953,-21698.265989871954,1
2010,11,-301.45777032904755,-30145.777032904756,1
2010,12,-247.42356419025674,-24742.356419025673,1
2011,1,-423.3039490974635,-42330.39490974635,1
2011,2,-424.61783266590237,-42461.78326659024,1
2011,3,-214.84412251074014,-21484.412251074013,1
2011,4,-186.14372624714713,-18614.372624714713,1
2011,5,-236.90255149035778,-23690.255149035776,1
2011,6,-321.1495058554713,-32114.950585547133,1
2011,7,-259.9854969576708,-25998.54969576708,1
2011,8,-166.86443241222105,-16686.443241222107,1
2011,9,-301.0672198341757,-30106.72198341757,1
2011,10,-85.12976683882593,-8512.976683882593,1
2011,11,-191.71598104127804,-19171.598104127803,1
2011,12,-243.96177005674974,-24396.177005674974,1
2012,1,-161.9410415004013,-16194.10415004013,1
2012,2,2.871297012610569,287.1297012610569,1
2012,3,-149.26766213296537,-14926.766213296538,1
2012,4,-54.43382655224525,-5443.382655224525,1
2012,5,-34.481103860389894,-3448.1103860389894,1
2012,6,-50.31940167264773,-5031.940167264773,1
2012,7,-18.61862760414725,-1861.862760414725,1
2012,8,-131.5786892700466,-13157.86892700466,1
2012,9,-49.25749428557856,-4925.749428557856,1
2012,10,-152.5179502659347,-15251.79502659347,1
2012,11,-129.06296482620797,-12906.296482620797,1
2012,12,-33.202445581656974,-3320.2445581656975,1
2013,1,14.622699852637794,1462.2699852637793,1
2013,2,-107.19143613867278,-10719.143613867278,1
2013,3,-91.72776117058265,-9172.776117058265,1
2013,4,-99.77718285838813,-9977.718285838813,1
2013,5,-167.1276088172463,-16712.760881724633,1
2013,6,-42.51594666225046,-4251.594666225045,1
2013,7,-67.69310400866931,-6769.310400866931,1
2013,8,-25.26998847165683,-2526.998847165683,1
2013,9,-34.19450766644671,-3419.450766644671,1
2013,10,13.163430791865196,1316.3430791865196,1
2013,11,131.2529192880888,13125.29192880888,1
2013,12,103.43005020701837,10343.005020701838,1
2014,1,-25.902084066512273,-2590.2084066512275,1
2014,2,13.860608852295442,1386.0608852295443,1
2014,3,33.52722134829179,3352.7221348291787,1
2014,4,68.55684580632703,6855.684580632704,1
2014,5,118.75657461111115,11875.657461111115,1
2014,6,121.36850014763525,12136.850014763524,1
2014,7,199.82871480061573,19982.871480061574,1
2014,8,272.0773109547807,27207.731095478073,1
2014,9,179.86838099517064,17986.838099517063,1
2014,10,258.26201730643936,25826.201730643937,1
2014,11,290.2523122735073,29025.23122735073,1
2014,12,215.63935828112278,21563.935828112277,1
2015,1,155.79324771411018,15579.324771411018,1
2015,2,296.0980729573353,29609.80729573353,1
2015,3,185.61492639561038,18561.49263956104,1
2015,4,292.8399004137301,29283.99004137301,1
2015,5,292.34508739657383,29234.508739657384,1
2015,6,394.5325797288985,39453.25797288985,1
2015,7,306.91146979557385,30691.146979557387,1
2015,8,314.6008499813863,31460.08499813863,1
2015,9,425.6348126711706,42563.48126711706,1
2015,10,273.6954502497006,27369.545024970063,1
2015,11,275.673855101943,27567.385510194297,1
2015,12,250.80711961257916,25080.711961257915,1
2016,1,208.94633616642034,20894.633616642033,1
2016,2,90.02459714843287,9002.459714843288,1
2016,3,261.14999494329413,26114.999494329415,1
2016,4,210.2576219358742,21025.76219358742,1
2016,5,151.54257051101712,15154.257051101711,1
2016,6,183.71493305357177,18371.493305357177,1
2016,7,219.1418019482021,21914.180194820212,1
2016,8,251.64626957991146,25164.626957991146,1
2016,9,332.19242833346874,33219.24283334687,1
