Year, Month,PCE,NR_STRUC_Q,equip_q,RES_Q,INVTCHANGE_Q,exports_q,imports_q,GOV_Q,GDPDEF
1959,1,306.5,17.12344663,25.10297196,27.37943,12.85677785,22.43308586,17.9004997,117.7901272,17.15842274
1959,2,310,17.42910836,27.50882762,27.68501721,-0.646953437,20.47503221,22.4866406,117.1700746,17.17231162
1959,3,313.1,17.63841357,28.61919439,28.11955807,-0.581824418,22.49489215,23.80085868,117.9185356,17.17592649
1959,4,312.6,17.7349303,28.3113642,28.80381649,9.515559352,22.32980836,23.03162613,118.4943711,17.18576909
1959,5,316.5,18.03498224,27.93587037,28.89516405,3.460014331,22.55340275,22.77568484,118.8593745,17.18373299
1959,6,318.6,18.34112321,27.92977853,28.5210031,8.888426279,22.78477588,21.82469781,119.5380693,17.21272636
1959,7,318.1,18.65450693,28.75346187,28.44497351,6.594725662,22.5860855,21.50865413,120.0473359,17.23765399
1959,8,320.5,18.79793053,29.23124953,28.33474794,0.406540185,22.8614139,22.61917731,119.9143128,17.25434796
1959,9,324.6,18.4795458,29.36928571,28.01527851,-5.849265367,24.95051598,24.47615803,119.7560886,17.28193855
1959,10,323.1,18.29087676,29.13739516,27.7866567,2.500113888,21.37154995,21.07029878,119.4691233,17.30571825
1959,11,323.2,18.38620277,29.03983774,27.33401761,-1.44402377,22.73813123,22.64276514,118.8914917,17.32058254
1959,12,323.2,18.87995128,29.20377206,27.37934428,11.3039101,25.12431437,23.79893092,118.7259197,17.35218727
1960,1,324,18.89232779,29.68236372,28.63138572,10.09134859,25.78829735,22.22616452,117.3438219,17.3771015
1960,2,325.7,19.62396185,30.09898178,28.68875493,13.37165455,26.15928495,24.34267265,117.6551416,17.40323201
1960,3,330.5,19.56371931,30.48565416,27.92169394,10.13699623,26.06742121,23.29515509,117.2914019,17.41004506
1960,4,336.9,19.47962281,30.81059848,26.71942558,0.403432087,27.68806537,24.38070858,117.9107918,17.43620923
1960,5,330.4,19.40126362,30.853582,26.22961387,6.346214391,27.80651187,22.91903908,118.9932359,17.44219357
1960,6,330.5,19.53808445,30.58281583,25.53427883,2.922353998,27.34741498,23.06524976,119.6555153,17.45100913
1960,7,331.8,19.26077963,29.97146239,25.23885312,7.053104813,27.62835964,23.19564358,121.9176923,17.48437097
1960,8,332,19.37169352,29.397128,25.28702764,1.463498242,26.65476028,22.98878303,122.8626501,17.51159292
1960,9,333.8,19.62154595,29.04441296,25.53297222,4.443395475,26.84889113,22.45256913,124.0391159,17.52184182
1960,10,335.8,19.89815456,28.76464233,25.45178278,-1.660626422,27.71740372,22.34325608,124.2043614,17.53287977
1960,11,335.8,20.08043933,28.4397541,25.35436358,-1.301150892,27.74393213,21.65195375,124.6461797,17.57124318
1960,12,331.7,20.0874016,28.01660411,25.33081741,-14.4742214,27.0866554,21.23078598,125.7653703,17.57597617
1961,1,332.6,20.02731094,27.40365835,25.4045013,-2.649160733,26.55344837,21.49215827,126.384879,17.58140487
1961,2,334.2,19.94688612,27.2689529,25.36256753,-0.884422953,27.49824961,21.54691165,126.9318681,17.60192401
1961,3,338.1,19.81280217,27.55139728,25.46588604,-4.110416908,28.31331129,21.93492854,127.0651168,17.61092507
1961,4,338.1,19.65703723,28.28661209,25.57529663,1.82571944,27.66382194,21.95620989,127.288663,17.62560414
1961,5,340.4,19.64999681,28.73266505,25.54280828,2.596473523,27.22199419,21.90606232,127.6369835,17.64406973
1961,6,341.3,19.59497675,28.88572048,25.67313171,0.95380672,27.41017185,21.83472125,128.6245638,17.65295423
1961,7,341.1,19.57818959,28.67069317,26.47851814,4.773317152,27.51192661,25.74293915,129.2732854,17.67124036
1961,8,342.6,19.65439219,28.84062383,27.02942675,7.8335182,27.18714511,21.89711672,130.768412,17.68311063
1961,9,344.9,19.76241665,29.32069013,27.53689112,7.361163944,27.00593681,22.33795118,131.6561282,17.70701285
1961,10,347,19.64683775,30.13107251,27.89967237,4.505529577,28.70252157,23.4332936,132.7835654,17.72461539
1961,11,350.4,19.64345572,30.69523402,27.97804766,9.6213291,28.24208321,23.7552889,134.4336746,17.74445698
1961,12,352.9,19.60572328,31.05769222,27.93337957,3.861140711,27.91338945,24.42141926,135.2870865,17.76592319
1962,1,353.7,19.88016533,31.18067749,28.53794891,9.473777331,27.46645269,24.22074024,137.2224202,17.80615184
1962,2,354.5,19.92440271,31.36685478,28.44811746,9.309923526,29.01077416,24.25979602,137.6581699,17.84527592
1962,3,357.9,20.28542262,31.65547115,28.51971074,9.440298346,28.31478238,24.46146576,138.4194953,17.85917703
1962,4,359.6,20.5297446,32.02166364,28.90946368,2.31340221,30.48883816,24.97663624,138.246554,17.86176851
1962,5,362.5,20.84579215,32.22022412,29.68712534,8.538022319,30.48363319,25.55906763,139.0467714,17.86421938
1962,6,360.9,21.1084555,32.34911278,29.52268938,5.480575829,31.07951026,24.11630171,139.8874648,17.87225855
1962,7,361.9,21.28980146,32.31482663,29.20764042,4.422989558,29.07640004,23.52331625,141.6604831,17.87260044
1962,8,363.4,21.49693904,32.36803626,29.25634636,5.694857494,28.1982328,23.75134729,142.9020932,17.89116569
1962,9,369.3,21.27824991,32.28013897,29.48677908,8.446153036,29.57537682,28.05834464,143.5306527,17.9450693
1962,10,367.1,21.34607245,32.2141652,29.09243484,6.110382261,27.0178437,23.59135469,144.4375563,17.92715324
1962,11,372.2,20.97834883,32.28117262,29.12552801,1.133104617,28.60810404,27.06300167,144.2193622,17.93961436
1962,12,374.1,20.37558866,32.41666601,29.44222436,2.848513351,29.46604887,25.99564552,143.9399088,17.94761656
1963,1,374.9,20.5730859,32.6641692,29.92343892,5.966538217,22.94723352,17.011691,145.1419504,17.99749849
1963,2,373.8,20.13976031,32.90445209,30.12757915,8.101984789,32.50834853,29.79850203,144.02258,18.02518131
1963,3,375.4,19.98617113,33.04738004,30.77091815,6.535475348,31.74842619,28.74480954,144.011336,18.02813142
1963,4,376.8,21.00271661,33.16895171,31.68274592,2.914158501,32.65270938,26.06669581,143.4469199,18.03489442
1963,5,377.6,21.77079128,33.41366965,32.64566228,5.948678207,32.78314354,25.61028591,144.538925,18.04839479
1963,6,382.1,20.92547064,33.8183827,32.68859635,5.645163424,31.83312519,25.99302408,146.4243313,18.05718393
1963,7,384.9,21.26937314,34.37928543,32.4647232,5.085714738,30.55184137,26.150294,149.4528173,18.05043028
1963,8,386.7,21.45859132,34.92965341,32.46615158,5.535767673,30.46165871,27.79918811,150.2716771,18.06549841
1963,9,385.9,21.58009865,35.37306258,32.81812754,6.52651781,30.84351624,26.1625252,152.065479,18.09231045
1963,10,386.5,22.95246832,35.85694786,33.70063452,9.080644639,31.29158865,26.35739929,151.3916719,18.17224246
1963,11,389.9,22.01717867,36.24843655,34.18578264,5.171255598,31.88940051,26.45715014,151.7216011,18.22305093
1963,12,395.2,20.70308954,36.60861587,33.67553857,0.940099712,33.3800084,27.47745631,152.0619507,18.25169729
1964,1,397.3,23.00518303,36.92152764,35.33407874,6.402510955,33.78197217,25.71764343,152.8176053,18.26321773
1964,2,400.7,22.29948768,37.15651592,34.84834467,4.334865185,34.37021253,26.91563709,153.2810873,18.27536762
1964,3,402.4,21.97058912,37.35995688,36.67160399,4.634623986,34.57081218,28.30072036,153.7770489,18.2837106
1964,4,403.4,23.0750014,37.57735148,35.14370369,5.851991955,34.87108727,27.98953145,154.5637972,18.3016141
1964,5,409,23.25430315,37.89890066,34.10604764,3.480472618,34.83024307,27.88441946,154.7083171,18.31234488
1964,6,411.9,24.02063647,38.34375034,33.83326846,4.035535845,34.68666483,27.30405476,155.9681467,18.34008276
1964,7,415.5,24.47794572,38.93969862,34.13661929,0.5720307,34.66495808,28.57433777,156.4462512,18.36704279
1964,8,418.3,23.99819922,39.28899448,34.28773941,2.257527974,34.21138348,28.72216067,156.9361198,18.38900242
1964,9,417.2,24.27387962,39.5633047,33.26361538,11.24644229,35.54166295,27.99050693,157.0592123,18.41997866
1964,10,420.2,24.55410773,39.66856396,33.67888753,-1.236084699,34.79243991,27.8854045,156.8483949,18.44216842
1964,11,416.9,24.53208109,40.22370517,34.27200671,7.971928273,35.51340215,31.11861326,156.7298836,18.47470027
1964,12,421.6,25.38278118,41.2777376,34.09412667,8.312156777,38.39316536,28.85097625,157.1821175,18.5112377
1965,1,425,25.47268324,42.80118093,33.44169715,11.71463051,27.08645883,23.15877514,157.2419726,18.54607727
1965,2,432,26.04789291,43.73134049,33.53074605,7.227927997,31.14498527,29.2843955,157.8794796,18.56713679
1965,3,433.9,26.9054597,44.09346905,35.30663893,15.68944115,40.94261128,32.92782704,158.3383698,18.59353741
1965,4,437.6,27.27395267,43.89687615,34.62939827,7.593464216,39.66895124,31.57452969,158.814217,18.61762673
1965,5,438.2,28.42379773,44.13152753,34.37091464,8.141630799,39.26230858,31.21141104,160.2796129,18.64957794
1965,6,435.8,28.80022358,44.85960159,34.27156889,9.968905074,38.47654384,32.25112402,162.7791897,18.68876336
1965,7,441.6,27.98633679,46.04479592,34.64281083,11.97804085,37.49930408,30.67755759,165.0948205,18.70199005
1965,8,445,28.50089398,46.90716415,34.94443426,11.42965728,36.64749239,32.38051332,167.8170224,18.72118169
1965,9,452.6,29.11777718,47.52303343,34.14982153,4.468301977,36.6463989,33.03191739,169.9628499,18.75534469
1965,10,459.1,29.69274738,47.83189744,34.71029309,5.109813701,38.92379773,33.53970708,171.7631335,18.80136965
1965,11,459.7,30.13863067,48.3688125,34.90020404,8.366006202,39.58476977,34.35867325,173.7628946,18.84921467
1965,12,462.3,31.49462241,49.17029071,34.81043968,9.276180427,39.87129416,33.94559719,174.8808605,18.90781471
1966,1,465.8,30.52358602,50.1975428,34.59888847,10.68846832,38.39392539,34.39034288,176.4830524,18.92275119
1966,2,470.9,30.84642338,51.08683288,34.61776304,17.66085716,38.78358341,35.0124912,177.8617592,18.97964247
1966,3,475.7,31.92398856,51.92261949,36.48848178,13.26667397,41.04363132,35.56719082,179.4419866,19.02285014
1966,4,477.6,31.33643982,52.67645531,35.25921755,8.329715568,40.4756759,36.18803637,180.6610529,19.08442336
1966,5,473.8,30.54857796,53.13146935,33.70143778,13.62069926,41.80758358,35.94210626,182.2463245,19.12421564
1966,6,476.2,31.63099278,53.26406676,32.08515018,14.99758694,42.13255051,36.58985218,184.7917229,19.18455897
1966,7,481.2,31.59592257,53.13385438,32.66872144,11.49099245,40.49014133,38.1330267,188.0916454,19.24307914
1966,8,483.8,32.07598846,53.3148173,32.61104115,13.15672722,40.10892065,37.20912998,190.7787673,19.32111518
1966,9,489.9,32.0490769,53.80532867,31.64740109,10.90828151,40.52911017,39.1708566,192.399995,19.38659712
1966,10,489,30.86309519,54.68101269,30.49307675,17.24349417,42.4916306,39.56359271,192.6044265,19.44143106
1966,11,490.7,31.44288215,54.79806691,29.57822302,16.86116258,42.14805463,38.48902919,194.2619903,19.47948549
1966,12,492.6,31.34502513,54.26390554,28.48864974,15.40734319,42.63527013,38.43437746,197.0855041,19.52194153
1967,1,494.9,32.22745087,53.02148727,27.93995531,21.17313154,44.5580962,40.31129075,201.5266576,19.53728528
1967,2,493.7,31.81596876,52.48835769,28.01128842,11.30781279,44.02355566,39.22745151,204.2809885,19.56510799
1967,3,496.6,30.9605991,52.6261602,30.21482483,13.78805399,43.40331531,38.75724638,204.996212,19.58353573
1967,4,502.1,30.55757425,53.38139541,31.17498078,8.806211646,43.98275847,39.28677626,204.5346599,19.61507873
1967,5,503,31.20952122,53.71473115,32.13553855,5.946613534,43.42677302,38.54737726,204.6182659,19.65453292
1967,6,507.5,31.0348863,53.63486227,33.22648579,4.270174517,43.21044784,39.22584661,205.3923611,19.71353543
1967,7,507.4,31.3062308,53.07629594,33.8435327,7.1022958,42.5356732,40.01000512,207.7575681,19.77860679
1967,8,510.5,31.25126311,53.03770573,34.40275803,13.64130521,42.00713952,38.98307326,209.4134441,19.84770934
1967,9,516.3,31.87053256,53.46500089,33.97861005,7.045398846,42.77427904,39.63590798,211.1665114,19.92090973
1967,10,512.9,31.94421267,54.37477738,35.43151524,-0.740653056,41.42603539,40.25644908,212.1451901,19.99763785
1967,11,518.1,32.08859006,55.2965681,36.96683715,13.91437255,45.06284751,41.79472158,213.8287581,20.07589325
1967,12,525.8,31.865154,56.18664876,37.66574775,12.12528096,45.18707251,42.90783822,217.1276258,20.12722022
1968,1,531.5,32.83868818,58.4010726,36.67361235,14.24037621,47.00224827,45.03812444,219.0591861,20.21295261
1968,2,534.2,33.11709387,57.0449227,36.34661915,6.006931357,46.82204029,44.11179121,221.5588533,20.29298385
1968,3,544.9,33.19724496,57.35695106,39.32372357,5.06669202,42.66973839,44.04706101,222.0333862,20.36408815
1968,4,544.6,33.56376224,56.9953171,39.17359059,16.37887811,47.95903422,44.07702866,223.4818811,20.43533309
1968,5,550.4,33.30202631,56.45940708,38.83987039,17.89209628,46.54042223,45.64896092,225.3685162,20.50831303
1968,6,556.8,32.68621483,56.63940194,38.17653322,7.975023548,47.57450238,46.52206502,225.6129666,20.56805693
1968,7,563.8,32.55408118,57.5602252,38.81418761,8.996469809,47.5438986,46.6952244,226.6678897,20.62094359
1968,8,567.6,33.60461865,58.46107327,39.61663854,18.98337975,49.14685237,48.42876909,228.4738465,20.70309583
1968,9,568.8,33.53729428,59.72467044,40.05125234,-4.936849243,51.89631677,49.59895716,230.8049106,20.79463003
1968,10,572.3,34.90889722,60.70348082,41.068018,14.84446642,45.51863799,47.65488604,231.500811,20.91521096
1968,11,577.4,35.06235352,61.54730458,41.85713738,2.639514427,50.93840001,48.67674058,233.211695,21.00890977
1968,12,577.2,34.31472196,61.44814318,42.05479427,0.537020958,51.25694016,48.18127238,233.3188733,21.072264
1969,1,584.2,36.0423659,62.45355579,42.89258361,9.791103973,38.21215748,38.7096268,234.6180934,21.14662338
1969,2,589.5,35.73102647,63.72157097,43.64793404,13.00534979,40.07903013,44.6406903,233.99298,21.20615558
1969,3,589.7,35.60864701,64.89483709,45.33043746,11.67054478,53.63074789,48.05888719,236.532267,21.29833516
1969,4,594.7,35.73828554,64.47954175,44.58782927,10.15977736,55.7896835,51.73844458,237.0934775,21.39004438
1969,5,601.1,36.90883673,64.5455806,44.14824857,11.14024743,54.08156861,53.39489722,237.8973129,21.482242
1969,6,601.7,37.36586837,65.04786889,43.63596875,6.365974699,51.87378758,52.87951315,239.6917917,21.59192661
1969,7,603.5,38.47896935,65.74853929,44.02477362,12.16491146,51.95149696,52.06783818,243.1061095,21.70161071
1969,8,610.8,38.60710392,66.04469078,44.15163149,14.57977599,53.98751269,52.82729501,243.4132921,21.78503075
1969,9,614.1,39.70692531,66.57573558,43.63459637,3.837313042,54.08107952,52.19689302,245.4398511,21.88314395
1969,10,619.4,39.42607604,66.25019736,42.56494937,9.508487777,56.84070588,53.51771672,243.5311772,21.96719053
1969,11,621.4,39.33003948,65.80111271,41.53889151,1.256174465,57.13743082,53.40981357,244.5783693,22.06803763
1969,12,623.7,39.44087542,66.39877296,40.22514098,6.596339174,55.39876801,52.45041157,244.9210322,22.17793028
1970,1,629.6,38.75226793,65.53694008,40.34049678,-3.742624239,56.0725275,53.25036988,248.2028425,22.2773608
1970,2,634.9,39.64868848,67.10041838,41.19515823,5.87993194,58.43923792,53.80416021,249.3371175,22.38806068
1970,3,633.2,40.06905939,66.56559137,42.71531296,3.331690791,56.22733812,53.49654944,250.7874278,22.48071867
1970,4,637,40.04165922,67.0985098,40.94446375,13.31368249,57.91500129,54.54040941,249.5684979,22.61549673
1970,5,643.4,40.09453749,67.2694913,40.07992656,-4.452715614,61.23657637,55.63967796,250.2730891,22.7030505
1970,6,647.2,40.80280236,65.8761147,39.78273585,6.382033175,62.6153,55.43186511,252.3766136,22.76255867
1970,7,649.5,40.37604201,68.32131179,40.71257723,12.0393241,61.92683719,55.35854031,255.2686098,22.81645822
1970,8,653.9,40.71021214,68.13773857,41.61472883,11.02125813,59.46080018,56.59542745,256.2731268,22.86719889
1970,9,660.1,40.64773342,66.52364998,41.98363726,-7.811582053,59.43446262,57.33903701,257.1689755,22.95681502
1970,10,659.3,40.50210556,65.24339292,44.05904123,-5.125854718,62.68633398,58.375807,258.1163091,23.06457965
1970,11,657.6,40.49809277,64.37978594,46.04040216,-0.157719126,59.20767283,57.80538727,260.4305798,23.17411093
1970,12,666.6,41.3008047,64.87912205,48.0055932,-6.668423562,61.28000707,57.48575108,262.5420966,23.30798357
1971,1,677.2,41.54062122,65.3998716,48.42333963,12.72113991,62.12403779,58.6181122,261.7826471,23.42398496
1971,2,680.4,41.58349875,66.25149164,49.23374858,7.183112579,62.47280483,58.16156789,263.8365523,23.53837932
1971,3,683,41.38788324,68.27760727,51.5928826,16.85774569,64.62516221,59.17640732,265.4538519,23.64498496
1971,4,689.8,42.50822879,67.10450876,53.97711986,12.52673597,63.15817523,61.27486918,266.7946706,23.74479917
1971,5,692.2,41.95919102,69.02587912,55.90851226,12.56614134,63.60220463,63.34441286,267.9874966,23.84612527
1971,6,700.8,42.53759678,69.9365682,57.25639011,7.532121559,62.54851587,65.26571099,269.1160583,23.94688882
1971,7,699.9,43.24724649,67.94902163,58.38198607,10.73833531,60.31933696,64.13932091,271.9044703,24.02336631
1971,8,706,43.54510668,68.93617049,59.62853958,16.18535934,60.88467396,65.01865659,271.235178,24.09587651
1971,9,714.1,42.56162964,70.89178108,60.17745527,3.640304197,74.97520812,67.28790303,271.9383572,24.14465429
1971,10,716.9,43.25712776,70.183864,61.44646652,1.462278123,51.03759931,59.51534795,272.5496893,24.19190869
1971,11,722.1,43.7626021,70.34653262,62.55730658,-7.377200551,59.60978414,59.39406221,273.5632188,24.27082395
1971,12,729.6,44.25428863,74.39261275,63.90725416,5.029924469,70.19843897,66.90778163,275.8115834,24.40225561
1972,1,732.6,46.15204501,74.07304853,65.86534729,6.916258062,71.36922868,71.16269668,281.7115463,24.56050033
1972,2,737.3,44.83513181,74.90335779,67.11728503,-2.609636749,67.82538909,72.39201281,283.3222478,24.68688375
1972,3,750.4,46.35580282,75.66668847,70.11724352,5.37437873,66.72238828,72.96411538,287.7328019,24.74328264
1972,4,753.8,46.27082203,76.00135751,69.60320107,13.34286765,65.7501457,71.22724631,288.6611025,24.77031341
1972,5,759.2,46.60698758,77.39699794,69.18856161,16.84671329,67.08626939,71.53805469,289.4339753,24.81556844
1972,6,762.9,46.94319251,77.43661171,69.20435606,5.804417938,68.61965283,71.46178901,288.7978826,24.85948382
1972,7,771.2,46.51670062,77.57010557,69.706259,4.106802933,69.77455769,72.88747439,285.9383521,24.944256
1972,8,777.7,47.58059774,79.53229738,70.68331226,21.9558507,72.04880617,74.89550081,285.5721763,25.03446978
1972,9,782.5,47.8447284,79.71178217,71.98343504,15.08234619,72.53562461,74.4900384,287.286833,25.16595968
1972,10,796.3,48.309082,82.14789161,74.03454043,10.56887959,74.03362312,76.31507846,291.15217,25.26090222
1972,11,801.8,48.91896762,85.28873418,75.90452282,11.39333547,76.64074713,81.0601561,292.3395189,25.37011538
1972,12,807.5,49.74189748,86.90318405,76.94490241,0.510784651,77.71257575,80.19475711,296.9872749,25.46626806
1973,1,817.9,50.91028331,89.29308237,78.05410377,15.7493415,81.6773126,83.30084735,299.2200215,25.54302969
1973,2,827.2,51.00536066,88.98491491,79.42051117,8.315772635,83.20946295,86.36004054,300.5632408,25.65216825
1973,3,834.2,52.06542279,91.14598641,80.16729493,7.584889923,86.99035101,86.41912972,304.1642076,25.78764046
1973,4,837.2,53.07627585,94.09515356,77.96368679,16.22688572,89.64209859,86.5720776,304.4898601,25.92564002
1973,5,843.1,54.07547064,94.75695486,77.00389773,15.14270694,92.30999466,90.60532999,305.1118496,26.04153069
1973,6,845.8,55.02824493,95.8387777,75.96345715,23.24840292,93.81674855,91.22947967,305.0972666,26.18964717
1973,7,855.7,56.69107056,97.14430748,76.45303442,19.33710741,93.61137705,90.6312908,303.8249829,26.32374457
1973,8,854.9,56.88316761,96.1318689,76.59788494,-1.044474062,97.50086213,93.16540751,304.8926793,26.59016806
1973,9,870.9,56.91876443,97.27378038,75.5251368,10.99036787,101.6159434,89.61745083,307.9698533,26.73310733
1973,10,869.8,57.21195971,97.46390214,75.02665994,22.04679493,104.519228,94.70112282,310.4338444,26.90450501
1973,11,878.6,57.80729478,100.0464449,74.1319779,27.26480148,108.4171952,103.0049609,313.6306718,27.08709792
1973,12,878.4,58.122685,98.56884198,72.68229681,25.66740087,109.9235045,98.30070802,316.9790317,27.23796345
1974,1,886.4,58.07721717,99.6327463,70.24024662,13.8492004,112.4602768,101.1526931,321.4605569,27.37858624
1974,2,891.6,59.25931109,100.4553733,70.44326485,4.725609969,117.2413599,111.7015962,327.2813665,27.58283108
1974,3,903.3,59.6155732,100.0108257,71.06858497,18.98219323,120.4254904,118.0880424,329.6742264,27.8157537
1974,4,912.7,60.82277937,99.91740837,69.92577434,10.29811482,127.3954962,126.5762532,333.7413047,27.99705798
1974,5,924.3,61.22778651,101.0601153,69.31652974,23.70930923,124.3792409,129.0916471,337.2790756,28.24943148
1974,6,929.9,61.94836918,106.1506803,68.45362923,18.24057444,128.228926,132.4776917,340.7423174,28.49837084
1974,7,939.8,61.64681796,105.8754321,69.73281439,6.708816647,126.4383111,134.3498622,345.1755606,28.75031193
1974,8,956.6,61.64721739,105.76425,69.59270517,-8.295990707,126.5235874,136.103882,347.969161,29.06447228
1974,9,956.8,60.95698677,109.6180055,67.7312938,18.32117176,126.9524702,130.3766361,351.7374238,29.38643278
1974,10,961,63.52485355,109.872163,63.68959485,16.06670472,132.5270274,133.1505039,357.0399677,29.65520817
1974,11,958,63.42082746,108.9203816,61.11755946,13.68194767,138.9437231,136.3079028,359.7956647,29.9226922
1974,12,963.6,62.69631258,104.5175767,59.71719117,31.58935583,138.284067,140.1972718,365.461083,30.1906892
1975,1,977.4,63.72924239,104.190953,59.99377184,-0.609788602,146.8364054,146.8889413,373.0241271,30.41758192
1975,2,991.3,61.71357086,105.8062871,59.55080108,-11.87317126,139.0256615,117.4002764,371.3142881,30.61804531
1975,3,992.6,59.60316735,103.5420346,58.52932108,-17.60104715,138.2449516,110.3751171,370.7256113,30.76679411
1975,4,997.2,59.94568104,104.9791569,60.58097005,-0.015305281,140.0338111,123.3850082,373.8441477,30.9016615
1975,5,1021.2,60.94922292,105.0037645,61.94616489,-22.60132516,134.8265259,113.035526,375.6354235,31.04530967
1975,6,1029.1,60.33215382,106.7631383,63.69794677,-19.2453687,135.6203133,109.3142309,377.8100438,31.2298532
1975,7,1042.2,61.02226257,107.355298,65.28843868,-4.757721599,133.637027,119.9866405,383.1382301,31.4571473
1975,8,1049.4,60.73390425,108.8942049,66.85963895,-0.767828464,133.5244417,120.3199244,386.9945326,31.60613644
1975,9,1057.2,62.06880702,109.3283683,68.33281597,1.361550742,135.1330623,125.8586461,390.8338226,31.77293297
1975,10,1063.2,61.75709996,112.1797286,69.54494631,14.28235339,140.5228111,128.2098012,394.2664717,31.96356912
1975,11,1078,62.32139389,111.1680926,71.13542791,-8.132672227,142.8890232,127.419151,397.0635666,32.15011994
1975,12,1094.4,62.0234813,112.169201,72.31074401,-5.10568273,144.1810053,130.560858,400.5897596,32.30258153
1976,1,1109.5,63.59898298,112.652734,75.29547556,10.98412285,144.7400749,137.752051,403.4979003,32.40342282
1976,2,1110.1,63.77858155,116.2734017,78.44122138,21.6062084,142.8000939,136.6059186,401.6575322,32.46693083
1976,3,1117.3,64.91944372,116.1516333,81.45409678,11.48866921,143.2236491,142.45623,403.6020322,32.54929114
1976,4,1127.8,64.17549398,117.0489452,81.81173806,17.65094618,145.4137992,146.9266558,403.1817921,32.66266627
1976,5,1125.1,65.39270519,118.8613339,82.40802174,17.79607807,146.5178458,140.5972427,403.0872235,32.81162659
1976,6,1142.9,65.60284329,119.0350618,84.02741025,31.8969776,147.9315024,153.8237783,403.2437602,32.93397108
1976,7,1152.1,65.36392818,121.3509339,82.74290678,22.24561422,151.4151177,157.9499252,402.8764817,33.05420725
1976,8,1160.5,66.99047669,123.8996087,82.50764416,11.08328361,150.1705543,153.4430708,404.7628672,33.21491476
1976,9,1171.4,67.69454862,124.0461834,82.91235346,29.09209935,153.7394014,156.1514199,407.1217165,33.41022664
1976,10,1179.5,67.43618673,124.4627466,89.67538718,15.62811344,155.4605087,158.0403661,408.5565589,33.63038015
1976,11,1191.7,67.7020262,126.4977698,94.96159072,5.669159355,153.0478448,161.3572683,412.7225648,33.81425323
1976,12,1214.1,68.32481115,134.6150273,99.44516038,10.2567296,159.7194121,168.6390267,415.5814096,33.99943453
1977,1,1217.4,69.00089353,134.8491747,96.9650515,13.96064076,152.4853398,157.6412344,417.6063109,34.16635446
1977,2,1233.7,69.26347658,138.55277,99.7315853,12.36859275,155.3094042,184.5763818,423.1949247,34.37916392
1977,3,1240.7,70.93165428,143.5975398,103.6994346,18.13676787,158.2674761,187.0817163,427.3979876,34.53149468
1977,4,1249.7,72.76244175,143.2374109,110.9471811,19.79683747,158.9979375,179.436123,430.5453685,34.70339645
1977,5,1259.6,73.18895618,145.7670802,115.3450618,19.9562093,164.9887998,171.1569843,433.099425,34.84245501
1977,6,1266.3,74.9415681,144.9155794,116.1903673,18.65394996,161.7310856,198.5295191,435.5163755,34.97646002
1977,7,1283.2,75.18970544,147.8443279,117.0892035,23.87676036,162.560266,182.8428863,436.6174398,35.08593457
1977,8,1288.5,76.25260058,150.5236203,117.329273,32.76605915,156.6720703,179.2179834,438.2015906,35.25351818
1977,9,1297.4,77.78475764,153.4652986,117.9827868,36.00918217,167.7426594,186.6483417,442.5538997,35.47361449
1977,10,1314.3,78.40511859,158.6134103,118.575996,15.40754166,152.4427969,184.9055119,444.8291281,35.7866223
1977,11,1330,79.44808203,159.8554511,119.4489381,30.64057161,154.6599896,183.234095,448.5899158,36.0630375
1977,12,1339.3,77.76658044,162.7517779,120.6820072,26.31488056,166.3242106,194.0394937,450.9579091,36.25557305
1978,1,1333,78.35933467,162.0040948,122.0640834,21.07289542,158.2072248,194.6903617,451.8080118,36.40864374
1978,2,1358.9,79.06796528,164.4123504,124.7204164,13.8717612,161.5576745,209.7288264,452.6829187,36.5521119
1978,3,1381.4,82.62707899,167.4139682,126.1845024,41.41434648,174.0324,205.4267729,459.9609925,36.75913675
1978,4,1400.2,87.22910329,177.4957854,130.536904,36.48255148,181.0796273,212.1626686,470.1199345,37.01179831
1978,5,1415.9,89.65763566,178.3379764,134.6536162,17.70843409,186.976838,206.9428565,474.257115,37.24921764
1978,6,1429.8,93.89008701,183.211847,137.580363,18.58001586,190.5911816,207.4143779,475.5578249,37.46467508
1978,7,1430.8,96.4409077,181.6002922,138.4054787,21.16693671,183.9902952,214.9386435,479.9304712,37.6488265
1978,8,1451,98.4385103,185.7701364,139.4426709,32.25301824,190.7127276,209.9590877,483.4933163,37.85059429
1978,9,1456.9,100.7976567,189.0606319,140.8019261,21.47803937,199.203325,220.2883321,488.6226524,38.09678334
1978,10,1471,103.6454332,191.6326652,141.6559493,25.22944935,200.8180772,219.4783519,492.4236538,38.42664952
1978,11,1484.7,105.3765392,193.2408965,143.2195197,27.50465032,207.0852443,222.3115255,497.7165615,38.67736606
1978,12,1500.5,107.4718627,193.4275617,144.0433916,32.72690498,208.3413603,223.6580373,502.0738028,38.87786495
1979,1,1506.3,105.8752746,202.2208979,142.8348307,36.61582655,207.3117093,240.7840822,500.8660449,39.12178597
1979,2,1521.6,106.8101798,201.1808281,142.9885516,24.4738513,210.4274317,219.444778,500.1384488,39.32688789
1979,3,1535,110.9514462,206.8909057,141.1216997,10.46631875,217.2680296,229.2522801,507.7523717,39.60792311
1979,4,1542.3,110.5021979,203.6462656,142.597978,35.55805204,216.48724,235.908571,511.08569,39.97105063
1979,5,1562.7,112.8171951,206.1703474,143.8132429,21.96213328,219.7920217,245.0412291,519.2041913,40.32423203
1979,6,1579.6,115.2128754,202.7417931,147.1156785,24.68281606,226.4385076,248.3407598,521.4841617,40.61628501
1979,7,1590.1,120.1050653,210.4026517,147.4089471,56.44916132,231.3167108,244.9456104,526.6168909,40.88295899
1979,8,1619.7,121.5683309,215.2891402,147.2527393,1.303786463,234.2352782,261.6910143,531.376992,41.15398332
1979,9,1638.1,123.7684658,210.6528684,146.9592211,-21.35995178,237.2823777,265.2849395,537.4281218,41.45811358
1979,10,1646,126.6958849,215.9301192,146.5503997,22.00486953,248.936636,277.5187684,545.2735658,41.74767654
1979,11,1661.7,127.634622,209.6748562,144.6313442,-6.317777175,254.9161168,272.6408276,549.5540331,41.98088422
1979,12,1670.7,130.4735605,211.8711911,142.8132228,9.971909518,257.1421039,291.2380536,555.6642707,42.22834244
1980,1,1701.6,133.3575874,219.2542701,143.4449754,29.48434521,264.9782013,297.3847046,566.6021811,42.50574512
1980,2,1705.6,132.1980845,222.7196405,137.9390964,-0.358940902,266.1410963,313.8559372,569.3486364,42.83341017
1980,3,1712.4,132.1151635,216.8883925,129.0696374,0.571594943,274.404577,301.6956232,577.7849887,43.23944421
1980,4,1699.5,131.3346222,210.1492388,119.2343704,47.53733733,278.4146043,281.6751167,582.821471,43.49170664
1980,5,1704.3,132.4032947,209.6642379,111.5613406,-5.211579438,274.2722037,300.8123696,587.8078512,43.81386229
1980,6,1723,133.1593477,207.4937632,109.9511328,-19.07575775,279.4800538,295.3062743,590.190118,44.09435438
1980,7,1751.2,133.5166169,214.414654,113.6186924,-28.13208541,279.3899493,272.6009588,588.366622,44.41467909
1980,8,1767.7,135.5106652,209.6414425,120.0540256,-40.16176053,287.6099607,282.7595796,590.9171888,44.7874897
1980,9,1784.1,138.2797265,221.6692269,125.8019294,-33.27114858,287.0193135,282.2428332,596.1803872,45.22328155
1980,10,1820.4,140.9780156,224.5171404,130.8290076,-22.16803297,292.1091294,294.4679145,605.507997,45.65961283
1980,11,1830.2,144.357844,219.9100172,135.5640589,-10.72718191,290.1328223,291.6492301,611.8195379,46.07179121
1980,12,1855.5,146.8317228,220.3192386,136.6595127,5.541217563,295.3088066,311.4824942,622.8099271,46.40522364
1981,1,1874.7,148.3953731,231.8920175,136.392175,29.78295444,296.8446647,328.5726444,631.1729768,46.80261289
1981,2,1889.4,149.0835404,228.8544432,134.8311956,50.6684198,302.3592542,324.2490497,634.3449767,47.22453289
1981,3,1908.1,152.572705,235.1331721,130.8311032,35.81362187,317.2004883,306.350665,642.3676575,47.5611637
1981,4,1909.1,159.3171467,236.5295962,132.9740355,-11.35135595,310.4272536,328.2270095,646.0550648,47.8270709
1981,5,1918.2,161.5463235,237.0367962,131.6543368,21.60746923,306.7352574,314.6694514,649.3163807,48.08880386
1981,6,1938.5,162.1659256,241.3881557,130.4863664,24.88288557,308.1986467,322.9919746,651.6155826,48.32671295
1981,7,1945.7,165.1662353,242.0171623,126.6767857,41.40625406,299.0300937,292.2892476,651.3194402,48.62064923
1981,8,1969.8,169.1406239,249.0206081,122.0727322,41.15199815,305.1545636,330.393214,653.5466684,48.94101217
1981,9,1968.2,174.9232885,248.7798416,118.9664424,49.32174351,302.8272084,307.009155,660.8067625,49.27716764
1981,10,1966.2,185.2411837,246.9110663,113.8053488,21.45567736,306.3758458,333.0849467,671.0576009,49.58732067
1981,11,1972.4,190.3159145,249.1408788,110.517773,63.92562144,307.1136361,331.5359576,679.0867474,49.8961102
1981,12,1989.9,189.8964613,243.522739,109.1929506,-10.96029889,300.591722,293.7198319,686.117823,50.10430026
1982,1,1997.4,187.2302399,241.6730612,106.7215727,-31.44555398,295.5909837,336.2594937,681.7639129,50.37508503
1982,2,2021.4,187.2593918,244.9909935,105.9976474,-52.61826517,293.6266031,292.8460992,687.1908696,50.56293696
1982,3,2024.4,185.3765888,241.8112673,105.577823,19.665818,290.3890237,299.3255808,693.1653457,50.74534506
1982,4,2027.2,184.9900872,235.2228678,103.736936,20.74705506,291.6538942,274.7341288,696.6472675,50.87253402
1982,5,2045.9,181.254047,238.3393044,103.2198615,-62.94001084,294.5184959,307.0649306,701.6069496,51.15995516
1982,6,2050.2,181.1055851,232.7429201,105.1332497,29.69495655,298.011122,315.5452858,704.6040497,51.47684512
1982,7,2075.1,176.5679971,233.5519408,103.2791455,26.12755893,286.4365746,298.323811,707.2652935,51.73794083
1982,8,2083.7,172.7322848,231.3284371,105.0574261,-9.318454487,276.9523859,329.9416506,715.2276298,51.90942145
1982,9,2108.9,169.4781037,232.0106966,105.8326099,0.58489189,275.5132525,299.5811412,721.1140554,52.07371423
1982,10,2130.7,169.9315207,230.8294487,108.4391386,-16.97974376,268.4615644,309.0090826,731.9624113,52.3345652
1982,11,2154.7,169.0471581,229.8132829,113.5932165,-63.8105542,262.4702565,285.02213,739.5756271,52.50212011
1982,12,2167.4,165.7922628,226.0297418,119.3197754,-38.66970445,264.8932671,290.5488578,740.1262381,52.61189285
1983,1,2180.1,164.6998009,228.7126244,128.5213213,-42.71189242,274.1945756,303.5841009,748.7107763,52.82371791
1983,2,2183.1,157.6136947,223.2071686,134.756373,-14.40917584,266.6647039,284.9353737,748.5533996,52.91588757
1983,3,2208.6,153.4292145,229.353854,140.2071039,-48.05892746,271.2439264,297.2303805,749.1030103,52.98076789
1983,4,2231.8,149.7627447,234.0055808,145.4966953,-9.029848877,271.3236047,303.4783389,752.1927648,53.13845913
1983,5,2251,147.7924527,232.354196,150.5589332,-5.944390399,268.2281154,329.8463391,762.2424285,53.25103358
1983,6,2280.8,150.9512909,246.3951656,156.5964442,-8.041763542,277.9929083,320.5254023,768.5367206,53.40601938
1983,7,2309,152.5380067,243.0137641,161.9420838,-18.6450177,276.0145804,334.8563359,778.3224154,53.63848371
1983,8,2324.8,151.8222825,248.8300404,167.7292447,1.757039424,273.3968016,347.0825581,784.8337385,53.83032854
1983,9,2339.1,153.5836194,257.5866226,170.6414728,4.275995468,285.1319859,348.2040994,779.4886807,54.00038407
1983,10,2361.8,152.940864,262.8066706,173.2793802,-3.386754773,284.1594097,370.4887208,771.9697512,54.11446374
1983,11,2370.4,157.2843443,273.0139759,175.9726979,36.84345036,286.9094001,355.0849401,770.428156,54.22644719
1983,12,2397.9,159.7069184,278.3421285,177.0138182,38.33930282,288.6947877,348.338742,774.5427024,54.31643532
1984,1,2423.8,161.2196811,275.6596836,177.5849662,32.1283365,294.9499893,380.5997034,782.9917237,54.54542353
1984,2,2408.1,166.1983153,274.2777347,183.2720727,99.29408694,287.3953983,383.8161441,795.5610032,54.84102237
1984,3,2436.4,169.7868476,276.8571709,184.6811376,87.52357289,296.5742363,399.519518,803.9031088,55.00079262
1984,4,2462.6,172.0266421,281.5319809,184.0697663,86.16313828,298.1982121,427.2610924,812.107301,55.16070951
1984,5,2479.8,176.1460111,291.570856,187.6189972,83.04785636,308.0418094,404.2723139,819.4596023,55.24605686
1984,6,2501.2,179.2485146,293.7501556,188.0359143,38.75200519,300.3623122,387.9614424,825.966963,55.36483528
1984,7,2500.5,180.3991402,293.3376751,186.4575294,65.20004577,312.9557707,437.3732856,828.4205654,55.55980904
1984,8,2518.4,182.2243865,297.6204506,185.9573807,107.5782935,302.278398,382.3901615,831.1586011,55.72849639
1984,9,2540.3,184.9601963,301.0556378,185.969314,41.2356582,302.001109,409.0094101,838.4069576,55.82625106
1984,10,2538.2,184.9156498,302.8717187,187.1285294,68.40802274,303.8416465,413.1411181,848.8537682,55.9483383
1984,11,2578.6,184.7141495,307.8823781,187.3500464,37.96651979,307.1990049,429.6940949,854.3403482,56.05620628
1984,12,2590,186.9274386,306.0876697,189.6625832,37.56245803,314.7742183,406.2444905,860.8566638,56.2332634
1985,1,2626.3,193.6680411,297.5446099,187.7390082,-5.710923016,313.2108535,409.0624823,868.2482587,56.5074621
1985,2,2648.6,195.4612566,302.5059422,188.4249337,44.73374631,299.501199,392.7334345,873.2462332,56.74269912
1985,3,2656.8,195.495347,307.7860881,191.8049191,9.667173236,305.3124493,390.1304254,882.1440628,56.92048405
1985,4,2668.4,195.3317593,307.4090978,191.1142895,31.52595602,306.5681344,407.1072625,887.492502,56.97596508
1985,5,2705.9,196.2593662,311.6664091,191.1208245,6.107074487,303.4360167,418.638759,898.3298839,57.06979282
1985,6,2699.3,194.1169953,309.5526105,191.6831101,27.30497057,302.3731733,429.9663891,909.6819006,57.17941746
1985,7,2725.9,192.1240812,304.3329576,193.1462423,32.22308722,295.584616,396.9386456,918.558852,57.28038408
1985,8,2762.7,190.9708093,311.0787563,196.9052861,28.2230441,297.9946743,392.0422294,924.2481009,57.42307954
1985,9,2805.6,193.5352273,302.8679892,199.0191325,-11.53713394,298.2402568,453.5198619,930.8710127,57.51500134
1985,10,2767.1,194.4293232,311.1767492,199.9390961,40.95286912,301.3482156,408.6146638,933.842064,57.61608749
1985,11,2782.7,195.5932027,314.1789371,202.3662694,37.33955623,311.5346856,438.5019946,935.6691021,57.73891145
1985,12,2822.8,197.2304256,314.7809049,206.9826909,21.06457439,303.418814,469.487828,938.8248892,57.85802135
1986,1,2838.3,196.2687684,309.2934551,209.8090205,7.018866971,315.6240065,451.6172509,942.3857796,58.00192245
1986,2,2831.2,194.0394755,312.0897072,214.9446265,41.49420751,317.7202698,431.8300128,943.7701528,58.02986561
1986,3,2834.7,184.7071747,310.948316,217.690697,42.67792373,306.8706673,434.806572,946.3650222,58.03065049
1986,4,2846.5,181.503468,316.630242,223.0426305,41.0748499,312.8195796,444.8422893,955.9331195,58.09240633
1986,5,2869,172.7788068,316.6136104,229.9831473,-3.603913868,311.9814748,439.5360188,965.8483872,58.24561936
1986,6,2873.5,169.2303071,319.3280353,234.327671,9.518066234,320.5563013,447.5915733,975.7485004,58.4157496
1986,7,2893.4,169.1399451,317.7179162,235.5014459,17.24293151,324.5297213,458.5013691,986.9856849,58.40640726
1986,8,2911.1,169.3207628,320.4782189,234.524782,-5.96726627,318.1407609,449.6787792,994.1860959,58.45509179
1986,9,2984.6,168.6023513,317.6516693,235.9699755,-32.33266429,318.7572711,470.1218695,997.8892995,58.60046942
1986,10,2945.9,173.9040205,325.4860771,238.0618012,10.70225532,335.9496001,462.0422586,995.609363,58.71454078
1986,11,2941.7,169.6797993,323.7557575,238.7206634,5.406272172,332.3495162,481.9300163,994.2486799,58.82086019
1986,12,3010.8,169.1491006,322.3434062,239.1796426,-54.38552856,336.7011049,461.9056032,994.6301741,58.90329891
1987,1,2949.9,167.1656623,312.8185666,240.1641222,31.70657703,321.5984669,476.9540302,1001.74169,59.09881511
1987,2,3016.5,169.3226228,312.3211118,240.7283916,12.75795441,341.1782064,471.3225064,1008.043986,59.25259502
1987,3,3028.4,164.2747503,312.6854233,242.1733399,39.45447049,346.5731109,484.7817885,1014.265093,59.36840993
1987,4,3054.1,167.5272465,319.2693038,243.5306978,17.34173323,350.1479219,489.1726165,1020.616366,59.51274579
1987,5,3063.9,172.3392658,317.2369803,244.3795796,26.97858333,351.6234011,504.862396,1026.164677,59.62000022
1987,6,3088.4,168.8616831,324.0451077,244.0866335,5.251687874,364.3086769,512.9784879,1028.356765,59.77850208
1987,7,3110.7,174.1438199,330.1124886,243.1992213,-12.93368954,379.4323717,522.1371431,1033.253796,59.88846649
1987,8,3147,178.7713501,322.0804018,243.6003216,-9.414881774,361.9865838,517.5618457,1032.673384,60.07300627
1987,9,3142.9,179.8396971,329.0584392,245.3834192,25.39957058,374.1461978,512.2555005,1042.00431,60.24909403
1987,10,3151.1,180.6689043,323.4158546,245.9290284,67.97742855,377.4427651,541.5760172,1050.123075,60.4334944
1987,11,3160.9,184.6238084,320.5109032,247.5718474,54.90385807,394.6956479,531.6112578,1053.921779,60.56791551
1987,12,3190.9,182.8910968,327.4833373,247.0699884,66.36471416,404.1825045,539.3514504,1057.957712,60.69968701
1988,1,3230.7,179.2257163,331.3248754,243.6285163,-1.670648179,401.7466281,523.4203219,1051.814849,60.90802524
1988,2,3238.5,176.0378414,335.5696278,242.4581702,36.19530192,412.6139231,555.054463,1054.022389,61.01930881
1988,3,3277.8,180.5786779,339.9412041,246.522699,16.34334533,441.8234164,549.6640817,1065.257787,61.20141096
1988,4,3280.4,182.4343154,341.537022,248.2607781,14.06701251,430.7367137,534.0563765,1068.391334,61.43250093
1988,5,3311,184.6500347,347.9143063,249.8756719,0.430646218,448.8053787,543.2136814,1071.80817,61.60876184
1988,6,3335.6,185.3685373,345.04734,250.1981803,44.44634676,438.8741022,561.0242306,1072.310371,61.85869722
1988,7,3359.3,184.1223963,347.8765486,250.3414067,-5.005613174,441.310599,536.6653914,1076.259678,62.15576893
1988,8,3384.3,184.0359412,346.5566165,251.4976168,38.70314309,457.0291407,567.2325784,1074.954658,62.34392593
1988,9,3391.4,182.1975683,352.9935571,252.4210693,20.84546806,462.4181536,554.6488096,1084.032584,62.57589083
1988,10,3430.4,183.6595183,357.9905344,254.4865186,-14.67159228,462.7428239,557.6600062,1097.308857,62.7072607
1988,11,3447,183.1425202,357.8664435,255.9231647,10.18725717,457.8348013,569.883407,1105.938431,62.83780606
1988,12,3476.3,188.0269446,357.1767091,256.0601431,61.91634877,479.2794841,595.3987841,1115.921141,63.03351123
1989,1,3499.9,190.0707397,361.9692335,256.7661159,64.69258258,472.2802756,573.6913267,1115.333223,63.34632185
1989,2,3503.9,189.0383785,362.2042221,255.2235771,47.118027,479.5454767,585.8892981,1118.049563,63.554398
1989,3,3514.5,189.4060444,365.903342,252.1132762,32.6003805,503.7411517,598.8808622,1117.24947,63.74789883
1989,4,3558.6,187.0783079,369.412855,250.6124507,23.56233593,503.9472824,587.1436041,1136.712368,64.02831901
1989,5,3567.5,189.8546642,372.5234194,249.0455306,43.8247583,497.9637929,607.0750238,1149.664161,64.2180382
1989,6,3582.4,191.7621935,372.9631892,249.1933259,41.38390559,519.7760828,591.9484665,1151.861698,64.37593162
1989,7,3601.7,194.6524923,373.2553224,250.7058839,38.71123133,509.0809013,580.1377613,1159.842132,64.56911178
1989,8,3636.8,199.1522009,384.4521726,249.074153,-0.898404934,507.817723,591.5690322,1164.138713,64.64972097
1989,9,3638.1,199.4119566,385.4388364,248.4945868,-8.33482341,511.1569666,581.5746123,1169.718052,64.79625893
1989,10,3650,198.9281469,373.2203503,246.2945212,26.68447665,515.9778549,604.382311,1169.848076,64.99261078
1989,11,3659.7,200.3560535,369.7177255,245.8657376,45.24447085,510.069431,603.2247563,1179.901256,65.11282948
1989,12,3700.7,194.8841229,374.8645834,244.9968236,-22.26994524,520.1142787,586.8492239,1190.711226,65.26046073
1990,1,3747.2,201.0341932,375.2218408,247.7317212,-15.78066872,533.0950043,631.6244784,1204.499655,65.59546091
1990,2,3744.8,206.1690135,384.3760106,250.1930232,11.40291313,533.6108554,610.0113161,1217.817297,65.83905848
1990,3,3771.5,205.20763,369.6232968,251.5681345,46.23975254,547.9986581,638.6645044,1219.769891,66.09004596
1990,4,3786.7,203.4166736,365.8409096,247.2757898,35.45447509,533.2321774,610.1091243,1224.734573,66.31454926
1990,5,3792.5,204.92073,363.4518777,240.1598494,64.23039693,540.7937694,617.7225368,1229.098955,66.50047246
1990,6,3821.3,205.3785327,367.8948942,235.0875402,1.415130892,563.7527068,616.4455102,1231.920279,66.74332775
1990,7,3838.5,209.389868,369.1155739,232.8750806,48.29491448,551.4137291,624.3798965,1236.139558,66.85951188
1990,8,3865,204.7462879,376.243494,229.0395061,-2.09965789,557.7112636,631.6334136,1241.404767,67.13038415
1990,9,3886.7,202.4117651,375.5066203,223.7624478,19.40274148,556.3213819,634.2927591,1243.659802,67.35082134
1990,10,3887.1,198.6378966,375.7727933,219.7305016,-7.047131532,575.2020803,665.6875441,1260.0461,67.52052248
1990,11,3888.4,196.6082848,366.6349679,214.9040105,20.53757412,564.1053556,655.3004823,1273.165999,67.59603944
1990,12,3877.8,197.0830385,373.0133434,211.6014979,-47.49544488,565.2506931,620.8581832,1278.073369,67.75371501
1991,1,3857.6,194.9203663,364.850655,206.5529298,31.17267176,571.6286624,638.2829336,1274.532439,68.13754115
1991,2,3883.3,197.6209524,368.1094332,203.3665525,-6.373200712,570.6237212,614.7751175,1292.057224,68.31758831
1991,3,3929.7,192.1616026,350.960329,203.6769507,-71.35946902,577.2787023,607.8923876,1294.950419,68.43036136
1991,4,3923.9,199.2271804,357.8885329,206.7289993,3.32818147,590.5636912,613.7576588,1295.795197,68.554604
1991,5,3950,187.1285798,361.4717234,212.2766015,-44.12562356,590.7713394,617.3484774,1296.669757,68.79549796
1991,6,3957.1,183.3077924,355.1207634,216.8167244,-13.30156124,590.8641011,610.6571328,1297.206634,68.94245663
1991,7,3982.4,179.1460968,361.6934848,217.818821,-21.00898842,598.4231094,614.5841675,1299.153146,69.0981461
1991,8,3985.4,178.4289612,361.8906548,221.2529011,-16.07266534,600.222916,622.1726662,1304.11813,69.26023765
1991,9,4001.2,174.8804721,364.1253067,223.0492422,39.61066336,603.1415613,628.250452,1303.890868,69.44752686
1991,10,3992.9,174.7662819,373.2462918,222.7555705,23.00071651,616.5694927,642.3046791,1307.6137,69.53971219
1991,11,4020.6,171.9135714,369.7396865,223.8687228,18.98857572,619.6045097,634.7096749,1304.416245,69.64018822
1991,12,4037.7,169.7729296,341.097456,226.6991708,51.40970145,609.474126,637.7953305,1307.545068,69.74888998
1992,1,4101.9,169.8927225,354.8158896,231.3356453,-18.38219097,619.2536042,643.6061745,1318.36651,69.80257631
1992,2,4116.8,167.1220346,355.5624181,236.847543,-2.341130671,636.2878866,645.1893311,1327.389782,69.93438412
1992,3,4134.3,172.7782025,369.7951368,241.3463183,21.46132152,620.3111252,648.6688523,1334.943391,70.09015241
1992,4,4149,167.959423,377.9336216,248.6270205,28.58579871,621.0884829,652.4580607,1332.643343,70.28334242
1992,5,4176.1,171.1526952,376.2765637,245.7102014,-8.374400403,618.5754345,658.3907466,1341.577546,70.38984562
1992,6,4195,172.8081061,384.4184907,247.4878246,49.41559824,638.8227961,666.019317,1341.779717,70.48968837
1992,7,4223,175.280984,387.8473862,245.5512309,29.70656009,648.560076,677.0125992,1351.777361,70.63189296
1992,8,4239.3,169.374972,382.338707,248.9977638,34.67104059,629.2368646,678.279906,1357.025911,70.71012419
1992,9,4273.9,174.484941,392.6926971,253.024581,-2.841600566,640.2875897,678.2440732,1357.45498,70.82803738
1992,10,4303.5,177.9819515,394.286833,258.9339551,6.563185065,650.6473751,687.2504002,1358.359217,71.05644469
1992,11,4319.5,175.6962845,396.7830596,262.3879006,25.69113049,639.7293461,681.7453091,1359.513923,71.20737039
1992,12,4355.6,176.3347039,407.6216609,265.592557,31.77768228,633.8207454,696.6350244,1363.61547,71.33883284
1993,1,4359.7,176.3487042,408.3647333,266.954207,13.72226028,641.6901815,687.0007572,1349.853461,71.49178314
1993,2,4374.3,175.3801601,401.1841683,267.2093869,32.12315628,640.7936106,683.6362629,1352.52622,71.59924877
1993,3,4371.4,175.0322358,410.288463,262.0843714,61.97458736,648.3369234,727.2758629,1352.130305,71.72677
1993,4,4412.4,171.1441232,413.4575245,270.2195411,32.74592502,651.4232905,722.7383245,1361.429656,71.87998404
1993,5,4441.3,175.9045966,425.9635508,270.5381613,14.61829034,665.1336464,709.6289822,1355.536865,72.07547489
1993,6,4458.8,175.3471974,425.1732983,275.050415,24.94778267,642.7105435,716.480444,1365.610133,72.16854134
1993,7,4487.7,172.8822472,419.6426985,281.0616944,-16.55377309,647.0308686,714.8028278,1368.526058,72.34208198
1993,8,4499.9,176.6775047,428.325049,285.1278888,-2.772065389,650.7625145,710.0831654,1367.704477,72.49385581
1993,9,4530.5,178.3532493,426.9737364,288.1385967,39.11984528,654.9004206,732.8768441,1375.593001,72.58783728
1993,10,4552,178.91666,439.7439515,289.4602267,-7.357411495,675.8100346,750.7426367,1374.449855,72.74851903
1993,11,4573.4,183.5463227,442.1726464,302.5832049,48.32361325,662.2462755,742.9329151,1382.736367,72.87147742
1993,12,4590.7,186.2788534,460.3978128,310.4159132,8.869800057,676.750178,741.4599859,1386.632793,72.93988677
1994,1,4604.8,173.4648265,457.995625,311.4524395,36.6463372,672.8419257,741.1703378,1374.578226,73.03385759
1994,2,4652.3,176.9141387,466.9337195,308.8008212,64.7386824,657.3637148,760.492353,1371.1081,73.20329246
1994,3,4665.4,185.1633075,460.4178205,308.415785,34.70097334,713.4966424,783.8408148,1376.142833,73.38014884
1994,4,4690.7,185.508222,464.2570727,321.3290462,45.44650873,694.1969657,782.5628747,1379.374216,73.46620936
1994,5,4689.2,188.6947636,465.2123106,321.9716038,132.1212952,706.5629922,794.0258102,1393.138506,73.55823025
1994,6,4728.8,187.0729239,466.7978979,321.8734136,66.66519186,720.1879914,816.0732984,1404.837299,73.6882292
1994,7,4740.8,184.8818679,472.5277807,321.8342442,68.72045955,720.0467566,820.6534039,1420.545432,73.84607174
1994,8,4783,188.5825019,476.645787,319.1061901,64.36768749,742.9111892,838.2403909,1428.423096,73.98010088
1994,9,4795.5,190.7906791,480.2159361,319.6034078,26.58085116,747.7033924,842.3615603,1424.249686,74.08165247
1994,10,4833.3,190.7741934,485.64472,313.8414689,78.71761024,739.6933141,842.9458417,1426.666177,74.23009047
1994,11,4846,196.2827885,503.8151782,320.5325963,63.00955754,760.4759386,868.4770201,1420.257604,74.39503469
1994,12,4862.3,193.0828908,516.0939728,322.6793205,83.69883084,775.7631882,870.2501374,1425.567388,74.50301753
1995,1,4871.9,197.366025,521.3903162,322.0169264,96.00772798,778.1940069,883.8883635,1437.849626,74.67667121
1995,2,4871.7,200.60466,532.8342147,314.9386519,31.77689696,776.4755051,876.5300824,1435.533948,74.81016478
1995,3,4906.5,205.5362323,521.6546492,309.2718623,55.75237697,790.0466181,900.2671709,1446.631902,74.92094559
1995,4,4911.5,205.9816769,526.9834366,308.2384166,46.20001704,796.945241,904.9320226,1450.482279,75.04213173
1995,5,4954.4,206.1149729,523.1819812,306.8591328,15.4822989,804.6344666,905.9040436,1456.546967,75.13344357
1995,6,4999,210.0316369,526.0301491,306.4548301,39.59468598,794.9917251,914.215211,1459.859969,75.22141201
1995,7,4991.8,212.5150336,516.1521871,315.3756889,14.94031922,817.4566044,902.4003097,1452.736599,75.34954313
1995,8,5027.1,208.1283528,526.4967174,320.0850642,-8.425133621,829.5133463,903.1757744,1461.42171,75.51435487
1995,9,5042.5,210.2714648,531.8699646,324.7006833,27.46282417,847.212549,911.9389368,1457.716181,75.60278212
1995,10,5035.9,211.4081307,522.886723,324.5001671,56.611057,836.5735938,903.7744478,1456.079149,75.77495719
1995,11,5077.8,209.2827642,533.496628,328.9277921,9.643843622,834.8224325,907.0921437,1455.260907,75.8285545
1995,12,5120.1,210.0051793,554.5563101,331.5283198,-10.96190333,846.8717481,916.7391182,1455.822066,75.97964703
1996,1,5108.9,215.5326225,530.8236731,334.7979639,57.5772657,837.4021433,933.7579346,1475.02838,76.15167031
1996,2,5156.1,214.3025825,543.7733432,336.735766,-2.090959746,854.962492,937.7453933,1467.174269,76.25889442
1996,3,5196.4,213.0887006,563.4509938,343.8922404,-34.84330402,851.4417327,938.6812904,1476.556012,76.40409631
1996,4,5231.6,218.199193,543.067454,349.0295353,69.14000043,852.0030136,949.4241727,1488.089383,76.51861178
1996,5,5247.2,216.72637,557.8771749,356.4664756,7.37301518,861.7039188,964.3021387,1498.86856,76.5857123
1996,6,5253.7,224.4535861,569.6322345,359.5690129,15.04998129,863.4644347,944.5652431,1490.682339,76.58220416
1996,7,5275.8,219.150442,564.9199826,357.6063748,74.38454408,847.844349,960.8748141,1496.497728,76.69583032
1996,8,5299,226.6838822,581.1750859,356.7862977,45.08099472,864.484949,980.2626961,1495.189647,76.75052797
1996,9,5320,230.0713261,584.9016088,359.6683611,33.74445393,866.3882967,980.1183748,1509.79117,76.88748661
1996,10,5351.5,238.3200078,573.534217,357.552309,65.65926691,905.4244078,976.7143401,1514.890942,77.03446122
1996,11,5375,239.1510351,581.8766013,357.2970509,35.17557669,911.5814563,990.1890863,1524.440697,77.16623234
1996,12,5401.7,239.3138097,588.6677967,351.3711434,3.340157868,894.3744857,1010.950444,1520.171507,77.30503352
1997,1,5434.9,243.8403457,574.1935434,353.7134017,69.69869311,893.9760744,1020.306091,1521.542173,77.49134406
1997,2,5457.7,243.9483088,591.6855372,357.8845621,63.8050293,920.2527432,1028.862942,1535.004661,77.67718738
1997,3,5477.6,240.1874523,596.6376712,365.6364696,15.77027845,940.8952867,1032.466147,1540.117565,77.77070993
1997,4,5482.8,242.128161,599.3513482,360.3206303,105.3201955,948.633471,1035.565946,1547.998852,77.81936062
1997,5,5484.3,242.006398,594.4066047,369.4860636,76.28784785,950.5116575,1041.325399,1550.210579,77.82306457
1997,6,5518.2,243.7376211,613.1982327,368.2679782,83.55595818,964.222786,1042.095922,1558.405679,77.92944927
1997,7,5573,252.8185734,630.4313811,368.2113338,55.13505481,981.6664922,1061.344394,1561.408213,78.0225287
1997,8,5611.8,254.6529543,631.3240719,371.2538054,49.14556317,966.0687042,1067.964942,1557.660445,78.11526505
1997,9,5625.6,259.4940106,629.6338151,378.5927664,99.56337741,974.4168716,1083.321358,1560.309994,78.26659092
1997,10,5661.2,262.5827677,618.8167039,381.4691098,89.43978181,974.6860035,1081.011214,1574.213956,78.35588449
1997,11,5685.2,258.8340777,619.194425,380.8916921,57.9271556,961.1354575,1075.052265,1572.626899,78.39664387
1997,12,5716.4,258.954406,631.4384014,376.0637784,85.62506405,969.1818706,1099.966492,1570.399526,78.43286572
1998,1,5714.4,258.5781056,628.3019161,382.0489453,72.01607537,968.2626192,1091.907115,1560.566114,78.50668032
1998,2,5748.4,259.3475213,650.856139,384.6058748,124.7543884,955.2328618,1088.054495,1567.734161,78.51604743
1998,3,5775,266.1307186,658.1029948,398.5760757,118.5295313,965.5709455,1114.761358,1571.864572,78.54562889
1998,4,5812.9,273.9585796,648.911318,397.772358,72.21508671,951.7647841,1115.350933,1595.206096,78.62043149
1998,5,5863.3,273.4032801,653.8442869,404.9645287,23.59179076,946.1827876,1113.660968,1600.143013,78.71856842
1998,6,5897.2,287.1509802,664.8689642,411.408096,16.21312805,943.935581,1099.838109,1617.953695,78.72268048
1998,7,5915.6,277.5344526,651.4769849,413.9872986,35.23654377,934.1720428,1096.896068,1622.651163,78.90417271
1998,8,5951,280.8971402,651.1892425,419.6356285,54.25169651,926.2662252,1113.386761,1625.713205,79.01912962
1998,9,5991.8,280.8396575,672.6210666,428.7591969,67.76875843,945.3477265,1119.434109,1637.324017,79.01904934
1998,10,6025.8,280.926975,672.2612492,434.8821192,74.66251061,970.1750667,1146.815664,1649.381813,79.14376723
1998,11,6042.7,282.0179289,681.9509175,436.7610421,95.12295053,967.8825864,1150.065391,1653.647034,79.19886794
1998,12,6098.2,280.7624292,685.7887474,432.2401165,10.26553798,960.9802745,1138.117631,1659.995792,79.34291507
1999,1,6099.1,276.8701225,691.290706,435.6305741,63.90046716,959.9616275,1149.947563,1663.026613,79.56238018
1999,2,6128.2,284.1530698,697.8902045,437.8232144,83.26266186,957.1942214,1180.098003,1679.598575,79.62495748
1999,3,6159.7,286.5046867,696.1085144,447.6233779,103.0188695,967.5462992,1180.211764,1685.340052,79.68236652
1999,4,6223.6,280.2837927,706.1595255,447.5337084,38.32785897,972.0748557,1189.89053,1695.759633,79.88507325
1999,5,6253.4,278.4997528,714.066294,452.6589074,41.25983964,971.992454,1213.91488,1703.96412,79.88959224
1999,6,6281.9,285.4458099,716.1320196,456.0713905,25.74830005,974.185874,1250.728314,1711.311397,79.89896487
1999,7,6309.5,289.4758573,729.3599479,454.6103354,66.81953914,986.8164499,1267.297895,1729.521578,80.04716598
1999,8,6354.8,279.2782652,736.1778777,459.2435464,10.46738937,1003.308659,1278.204237,1740.478264,80.15051934
1999,9,6407.4,280.9363153,718.8836263,463.8496041,44.26407749,1017.142902,1290.073608,1750.746178,80.34229846
1999,10,6431.2,281.1363663,728.0941292,465.2597274,70.20608764,1021.906379,1300.483728,1767.808763,80.43689886
1999,11,6467.2,291.1459725,710.0833317,467.6878931,107.3486664,1031.964385,1330.214278,1791.230713,80.51373089
1999,12,6568.2,293.6045899,719.2693468,466.1613859,75.168241,1039.649917,1352.26696,1793.654446,80.69117417
2000,1,6564.7,283.6116158,758.7676104,475.3176096,-5.29429223,1044.697533,1368.980815,1792.956653,80.90833347
2000,2,6648.7,303.427441,735.8221616,475.9870144,31.92324718,1050.761073,1410.2498,1781.791249,81.14278006
2000,3,6714.8,307.507128,753.6075547,478.5517861,21.8420594,1066.57193,1441.063271,1810.682491,81.43797318
2000,4,6701,305.89627,778.6921109,481.4716748,92.58843879,1086.61374,1432.732663,1820.634048,81.4653155
2000,5,6737.2,318.9702928,775.2700428,476.6970536,67.68840376,1078.743289,1437.394155,1830.473582,81.57983991
2000,6,6773.6,315.5522459,767.8941781,478.5564628,111.0521466,1112.805044,1486.810165,1835.55644,81.82376964
2000,7,6793.7,318.9706228,763.1294325,472.8581107,73.53227132,1109.743834,1492.247695,1832.32193,82.0207928
2000,8,6828.7,329.5127762,774.5070662,475.9083417,78.93243756,1133.655966,1501.448864,1847.207705,82.07594279
2000,9,6913.1,335.2165488,784.3780742,477.374665,19.23429714,1132.19466,1547.340561,1855.550507,82.35892618
2000,10,6919.6,332.5181028,764.9824874,479.6324074,93.97517953,1120.93949,1525.68564,1860.582706,82.4784624
2000,11,6934.5,335.771253,766.5746811,481.6753398,74.07493333,1118.538005,1515.111592,1866.129585,82.59455218
2000,12,6979.1,330.7230191,769.4223617,478.7714092,-5.021117281,1106.734634,1512.466458,1879.27424,82.70589024
2001,1,7009.8,329.1833878,751.2539816,485.3995703,35.70831495,1105.499545,1526.55278,1897.282853,82.98201103
2001,2,7029.3,322.9470077,757.41646,492.3769815,-80.36519121,1103.08575,1459.701826,1908.57405,83.12517941
2001,3,7022.1,332.7298801,746.3581551,488.9528337,-47.23612602,1081.455356,1478.859516,1929.812957,83.23014119
2001,4,7036.2,329.0309488,715.1672154,500.9795843,31.45208629,1059.461116,1440.717478,1945.743318,83.46363553
2001,5,7083.1,333.3875353,716.6500464,500.3182583,2.040893667,1064.89768,1402.881863,1961.357828,83.72087062
2001,6,7097.1,342.92838,716.2332747,508.3811295,-68.17297541,1039.435443,1398.178464,1968.738024,83.91152031
2001,7,7109.2,347.2309678,696.5678038,512.9553169,-60.10303154,1015.540113,1385.704359,1963.815442,83.96284494
2001,8,7146.1,345.7816658,694.1215224,516.5677596,-4.27776389,1027.871961,1375.445036,1964.343467,84.02985882
2001,9,7054.8,336.6679442,686.5151812,514.2929707,-25.96420875,952.1031391,1334.359025,1968.233458,83.92636822
2001,10,7250.2,323.3665622,683.3954649,511.367673,-139.394024,957.146166,1335.03075,1984.621658,84.19333683
2001,11,7209.6,307.2877399,681.0075501,514.5106006,-114.2324853,958.1444334,1322.242854,1995.455575,84.23264504
2001,12,7190,306.4274214,693.5172714,516.3368636,11.13951578,955.8779044,1285.0367,2017.200237,84.2551298
2002,1,7217.7,305.0587723,668.0903267,522.4613406,44.62709506,970.3579895,1328.438845,2042.464164,84.37386564
2002,2,7259.7,297.4030642,673.3386501,533.8749761,-43.51645559,970.4760254,1362.861387,2051.294303,84.49339901
2002,3,7276.7,293.2604575,672.8848227,534.4724574,-1.752647144,979.1376948,1354.465858,2051.221436,84.62153704
2002,4,7345.6,292.2905501,659.280915,547.8336688,-0.907139419,1001.859109,1411.385907,2064.233088,84.78057038
2002,5,7321.8,284.3428814,663.1591147,542.2433285,20.77745197,1004.028893,1417.185733,2085.451822,84.79073992
2002,6,7366.1,279.2277521,659.7061362,550.2422917,37.489696,1016.596888,1441.844207,2092.220818,84.86643867
2002,7,7424.2,275.4391369,654.9277065,553.4188195,35.39312513,1021.084993,1432.079629,2097.244949,85.02624876
2002,8,7449,274.994162,661.8343462,549.649899,-14.84352272,1026.004455,1462.649286,2105.046507,85.18992143
2002,9,7426.1,272.2142915,659.8744901,549.7135819,55.32939571,1017.707296,1464.974917,2120.877025,85.35436657
2002,10,7469.3,275.7617703,647.4214031,558.5166723,-0.278869662,1008.291959,1441.644889,2129.666323,85.53990894
2002,11,7499.8,275.8694016,654.7054443,568.5336993,26.5356405,1019.495397,1505.986184,2145.353825,85.66013297
2002,12,7552.6,268.9798911,640.457063,583.8579535,63.15223075,995.0575725,1524.095339,2154.153586,85.75220358
2003,1,7579.5,273.4459668,633.1973686,593.6046514,-7.329915018,1007.631617,1504.331766,2172.394678,85.92606662
2003,2,7573.6,272.8323617,640.8607146,595.3017615,85.43483762,1014.979793,1494.902913,2178.464688,86.20247206
2003,3,7627.5,278.166991,652.4173951,591.4666822,14.9070746,1011.855461,1540.031176,2183.027514,86.40941024
2003,4,7661.7,277.513122,648.0675794,598.240085,37.05934969,997.2615947,1512.228413,2205.058092,86.40897643
2003,5,7669.2,284.6341001,660.3183829,599.904631,-26.29871109,1005.436971,1507.218226,2216.222421,86.41993751
2003,6,7722.9,284.5035264,673.7940167,613.0944843,-11.92463594,1034.300255,1521.619019,2229.345699,86.53526088
2003,7,7783.8,277.8700813,677.8299014,636.8360417,11.96651711,1043.297403,1548.444971,2226.668079,86.72063016
2003,8,7878.9,282.5509712,668.5657133,643.4357648,-32.0127294,1030.297799,1516.043869,2229.178361,86.9376869
2003,9,7874,288.7560683,692.452781,649.1165628,44.42721047,1053.974315,1562.85191,2237.90706,87.14400949
2003,10,7890.6,289.3516674,690.0919398,658.0652995,51.90207611,1077.625552,1583.804745,2254.610035,87.18245608
2003,11,7950.4,282.863144,696.8626963,672.8690051,28.13123859,1105.293551,1595.37176,2250.274318,87.31696664
2003,12,7974.3,289.4689836,693.1922545,691.9756311,35.16968763,1101.395663,1640.347978,2267.048543,87.53949268
2004,1,8037.3,284.3695521,676.5854028,688.7510026,-3.825499129,1100.259619,1639.926705,2283.271557,87.86102231
2004,2,8072.1,284.6031495,670.6591641,695.2786139,77.54787445,1145.864258,1683.529057,2305.923247,88.11780772
2004,3,8121,292.0066077,694.6459178,707.6680806,72.88762633,1177.738223,1740.347713,2320.100363,88.34542552
2004,4,8141.6,294.2588407,700.1380437,723.2743591,50.64016109,1169.763692,1744.681032,2329.797909,88.57884481
2004,5,8212.9,295.268335,708.1595257,737.4782822,85.89857143,1187.923161,1772.6015,2343.74417,88.88495724
2004,6,8204.6,295.964648,720.5458248,741.6157881,92.16625755,1159.233613,1823.714157,2357.118308,89.16026575
2004,7,8270.7,303.3326147,723.97516,750.644261,106.0862695,1177.389022,1805.51383,2375.464511,89.30563551
2004,8,8294.4,306.8129433,732.5648087,757.4007389,93.81644201,1182.121376,1835.926706,2383.329617,89.40595057
2004,9,8373,313.6145144,739.3827848,755.2363809,-13.05070946,1198.458783,1830.436994,2386.483446,89.55371906
2004,10,8417.9,314.5713382,757.4541299,768.3857797,83.60123921,1216.911619,1887.455886,2390.546553,89.79387188
2004,11,8458.4,317.120804,745.5444886,772.5525695,111.044864,1214.796404,1930.352818,2404.212187,90.07795644
2004,12,8516.5,319.7402547,760.6644772,789.9661312,9.500892686,1247.619747,1913.649211,2408.845695,90.27825479
2005,1,8521.2,327.0852466,769.1403452,796.163608,155.5937795,1257.628943,1939.570446,2431.940878,90.55217646
2005,2,8575.7,331.6048235,760.8836139,808.2113704,96.2626521,1267.699489,1972.050467,2445.953957,90.89982857
2005,3,8622.5,333.6014474,764.8390983,812.7924421,46.65557442,1279.270936,1923.280337,2448.756288,91.19455203
2005,4,8715.9,336.7031386,775.6335743,823.4105336,36.38954235,1304.053325,1994.256698,2454.198636,91.42644876
2005,5,8680.6,339.3382581,779.7477141,831.7663476,15.97045149,1297.24118,1974.005425,2468.894157,91.54789744
2005,6,8775.3,337.6198387,792.5318298,847.1315941,39.51800458,1299.107256,1999.439301,2486.028973,91.65482183
2005,7,8867.9,341.8818045,799.3426751,859.9817729,-24.08311763,1304.521721,2006.065913,2506.786974,91.97853655
2005,8,8872.6,347.7595792,816.3076362,864.0486494,36.97563306,1320.632648,2028.082187,2525.082001,92.29214211
2005,9,8923.6,355.315481,799.8896699,873.7308254,40.92748289,1307.489588,2092.662002,2532.741897,92.92607646
2005,10,8959.6,359.1625507,798.8680822,877.7987522,101.3736986,1336.440934,2146.89181,2531.55472,93.07188697
2005,11,8987.7,365.6191724,802.5429794,880.2038248,65.03321719,1350.991741,2125.204983,2535.743026,93.037465
2005,12,9026.8,372.0457021,828.6109007,882.0048534,104.3400853,1381.697838,2159.479336,2556.601189,93.19243813
2006,1,9100.1,381.3850079,832.4057025,886.7080004,90.21871589,1402.709962,2208.705481,2576.507503,93.63894731
2006,2,9134.7,388.3522759,858.4297832,889.4749381,23.6704908,1409.313411,2172.19521,2589.469309,93.81812321
2006,3,9168.1,397.2385634,863.1137381,880.7618909,109.3827889,1439.536003,2202.331435,2610.564934,94.03752582
2006,4,9223.3,402.9315457,849.4435833,864.4514091,50.84835609,1443.208312,2213.598895,2624.715644,94.37457318
2006,5,9254.1,410.7551971,855.4801139,849.9003308,103.257429,1465.183448,2260.879395,2627.752958,94.58754041
2006,6,9283.8,418.7727868,852.271798,831.6879045,77.74922035,1481.857242,2260.43783,2639.536705,94.79845625
2006,7,9360.4,421.3139643,844.2880846,815.3056431,34.00771292,1455.093656,2265.773222,2647.499516,95.07085638
2006,8,9368.6,427.3523072,862.8953623,802.3954837,108.3444463,1485.024029,2307.102781,2655.895815,95.35084473
2006,9,9393.9,428.9018737,864.5936425,793.4831455,88.92084109,1500.29602,2284.305078,2662.698348,95.3205677
2006,10,9413.3,427.5982559,853.8141813,782.7174477,24.56363478,1525.947345,2235.659955,2677.922137,95.30913736
2006,11,9431.2,436.5944745,869.5050971,769.6039672,75.73050102,1547.480498,2252.063888,2689.243443,95.49589815
2006,12,9516.5,445.8321879,867.355089,761.724002,16.97286748,1560.130383,2304.087947,2704.492372,95.93584871
2007,1,9553.1,446.717287,860.1666416,749.9337758,-3.347332048,1576.82704,2282.271157,2729.763943,96.33851232
2007,2,9590.8,459.6150608,883.5033982,738.0727163,64.7140069,1555.355064,2275.143703,2733.184164,96.67521534
2007,3,9631.6,467.8954618,887.0139678,729.9926789,-0.883680794,1609.222954,2369.384275,2744.006656,96.94483587
2007,4,9670.6,472.4677459,885.1269974,721.1967552,60.39852203,1598.846827,2341.74481,2765.146836,97.0405335
2007,5,9708.9,485.6696853,886.3570024,707.0792133,44.71490993,1629.829393,2356.826336,2788.804658,97.20452478
2007,6,9723.3,497.7147224,893.0377731,693.9511829,36.07857292,1646.55136,2375.587625,2793.404862,97.33755765
2007,7,9759.6,499.412819,866.3405158,679.9999126,24.52024715,1659.350482,2393.027747,2809.915698,97.45048507
2007,8,9800.6,513.8959742,895.2246286,661.6623707,43.703514,1695.72142,2393.733216,2824.91726,97.48273153
2007,9,9837.5,524.5269405,901.2804795,643.9333468,77.71423884,1707.501479,2412.13357,2838.141972,97.65793977
2007,10,9853.9,537.002639,891.8781864,625.1566137,-6.655844398,1751.370623,2437.073866,2850.284986,97.7300209
2007,11,9928.6,529.4027184,890.3544504,607.1337782,22.6412912,1769.693074,2491.854613,2866.550563,97.98693038
2007,12,9947.6,528.8268347,888.9902736,587.5031184,49.81955129,1775.175735,2469.146344,2879.018228,98.15331666
2008,1,9963.2,541.7901045,901.1043284,569.8780823,77.60748029,1800.082772,2546.233707,2899.613502,98.36693933
2008,2,9955.7,540.2433007,873.1065119,549.9128767,-53.01662738,1823.029808,2609.990916,2923.768797,98.51107238
2008,3,10004.2,538.6304816,862.4937404,548.1423785,-84.99884689,1820.802217,2557.930737,2948.087143,98.66810091
2008,4,10044.6,550.0199211,864.8899852,536.6331514,-54.58514174,1883.508872,2659.751414,2963.1655,98.73707295
2008,5,10093.3,557.2844123,859.8634086,529.1823725,-98.98932856,1910.99769,2670.440874,2981.341425,98.93846819
2008,6,10149.4,554.1761325,845.8702313,520.5922699,81.8174674,1966.806853,2709.423957,3005.648532,99.30974122
2008,7,10151.1,560.0378229,835.222478,513.168101,58.19203503,1982.275881,2799.641734,3042.95264,99.5192379
2008,8,10140.3,554.2012594,817.391812,498.3179029,-20.65019973,1947.608934,2709.491882,3061.612565,99.57731979
2008,9,10083.2,563.7689615,814.6742052,482.5299593,-93.87883738,1840.91759,2582.527421,3063.009711,99.93005846
2008,10,9983.3,568.4229481,761.6814202,463.6036607,-40.53846736,1818.114275,2552.904581,3064.780233,100.0462435
2008,11,9851.2,559.0547034,736.6627861,442.8348892,-6.951783259,1713.908539,2264.102801,3053.985549,99.71206611
2008,12,9744.2,541.0213327,728.8249752,423.3559309,-147.9537494,1595.287389,2117.644907,3030.281453,99.68333051
2009,1,9792.1,518.1052921,675.2377824,410.870215,-96.17269085,1509.59244,1977.208671,3015.802493,99.95849286
2009,2,9775.7,508.2501627,657.5931945,395.9855082,-175.3786972,1532.536624,1881.22043,3041.046289,100.1769553
2009,3,9742.9,497.7281091,644.1077067,383.9093321,-165.3116106,1516.363107,1881.658071,3049.354176,100.0438217
2009,4,9741.9,470.248072,628.3378552,372.5540375,-147.2462141,1498.020153,1870.060059,3070.87607,99.90470652
2009,5,9759.7,456.7649852,632.7688708,364.4569851,-194.745062,1519.651395,1840.547306,3083.934983,99.78793507
2009,6,9807.6,438.4625596,642.0193015,367.1335525,-221.7717244,1550.548785,1882.777508,3104.666242,99.99368894
2009,7,9835.2,425.4961443,643.8849861,376.7384935,-219.4601051,1572.375666,1979.583883,3110.627884,99.82287408
2009,8,9961.9,412.7425917,630.6595477,384.8005594,-258.8566943,1579.701068,1967.027837,3110.8247,99.88441322
2009,9,9875.4,399.9398419,642.7702065,389.8183369,-139.4791962,1637.266559,2059.402762,3116.038533,99.91311807
2009,10,9924.6,386.3230887,636.6269333,390.2018588,-6.997625127,1691.290553,2101.128903,3124.361707,100.0655232
2009,11,9946.1,377.840829,642.0363935,388.4681124,-13.38882523,1703.815915,2153.226572,3122.540313,100.1975707
2009,12,10000.6,366.6383428,655.6649937,382.1843179,-132.0285512,1741.707889,2204.321883,3119.048287,100.2451692
2010,1,10003.4,349.1541367,667.5894006,373.0069778,-21.00694962,1728.974991,2190.280037,3135.988706,100.4024162
2010,2,10034.7,351.8371199,679.533044,372.4786281,30.01357908,1739.826084,2250.419121,3127.988244,100.4889864
2010,3,10095.5,356.2692535,701.0696583,378.8983648,27.17337074,1790.921543,2285.071014,3143.157547,100.6761753
2010,4,10106.9,362.3492051,712.7452057,394.3191654,34.32554785,1778.179932,2278.77948,3169.227668,100.8180585
2010,5,10140.2,363.5965091,715.363986,395.3180799,6.997790133,1835.2308,2338.500444,3184.583465,100.9729018
2010,6,10165.9,367.538848,729.0159197,387.4003215,109.0216632,1828.625158,2394.496753,3190.569003,101.1120434
2010,7,10184.3,357.9833853,754.1063535,365.4543373,119.1786168,1863.755252,2361.931535,3188.326208,101.270363
2010,8,10247.1,362.7783136,748.2428022,352.8103271,107.2784927,1868.009437,2424.191077,3189.725427,101.4403299
2010,9,10268.9,362.5408567,751.2056018,353.6406428,138.1748937,1877.798843,2428.481955,3206.005793,101.5762104
2010,10,10343.7,367.4934741,763.534538,362.1257359,118.4453866,1948.128975,2456.030019,3199.757954,101.8013137
2010,11,10399.8,374.2406848,771.7522404,367.6566262,-8.707951346,1967.717944,2451.507537,3184.96457,101.9441884
2010,12,10436.1,368.7129782,787.8241901,369.4626984,77.45656954,2000.844987,2520.170014,3167.983028,102.0999326
2011,1,10474.7,335.0333818,796.475228,367.0389193,13.20574897,2014.796704,2605.299654,3154.623397,102.2098287
2011,2,10512.4,342.6227786,792.6513959,365.393034,-28.7737064,1995.43454,2544.78528,3147.64097,102.3701571
2011,3,10583.5,351.8211383,805.7045359,367.0753769,94.38695417,2089.777112,2637.37965,3159.344891,102.6178073
2011,4,10624.6,356.7936016,809.0534943,370.7813929,86.08438407,2117.462071,2653.647835,3176.728277,102.922978
2011,5,10653.1,369.5951621,804.86429,372.2608709,93.2849266,2116.768683,2714.782512,3181.164787,103.1955431
2011,6,10676.4,387.562202,815.0745702,374.8773583,9.744691693,2090.686664,2717.335517,3193.595713,103.3182602
2011,7,10727.1,390.4454137,843.5337052,376.0763555,10.86649429,2135.748421,2720.324448,3174.40592,103.5880818
2011,8,10745.6,397.3139083,871.2976046,381.0766976,46.2671731,2135.268559,2711.916089,3184.047002,103.8066035
2011,9,10790.6,403.6189213,870.1918334,382.6347169,-101.8696679,2157.604942,2713.563558,3172.081211,103.9060989
2011,10,10827.6,408.1186244,876.5640273,385.0393972,139.9065074,2152.451165,2725.21028,3155.358685,103.863231
2011,11,10828.7,414.4059198,874.4379149,389.3878825,92.32978136,2129.581074,2725.860528,3155.204066,103.927182
2011,12,10827.3,422.400019,898.976609,397.9110256,45.71070646,2140.87871,2766.313502,3170.761877,103.9629097
2012,1,10905.6,436.5303807,910.9925042,410.3600506,68.24105603,2134.589525,2780.428379,3175.045553,104.2355235
2012,2,10975.9,436.9769355,918.3234965,416.7470044,99.84294849,2164.855192,2724.637898,3172.201089,104.4636788
2012,3,10987.2,445.5298284,931.9977082,417.6650587,28.23300044,2209.286585,2847.800721,3167.489787,104.698863
2012,4,11017.4,452.2780922,934.6990431,418.1703735,86.60704259,2196.231852,2799.150531,3150.802233,104.8687319
2012,5,11010.3,457.9530036,943.3181704,419.7375093,90.24349412,2199.040242,2785.123104,3160.079968,104.925024
2012,6,10997.4,456.9761518,944.1730262,423.7578789,90.90846298,2204.139997,2757.854202,3168.06975,105.036207
2012,7,11034.9,457.3050961,944.4232755,426.8688382,128.7881885,2195.692843,2744.541809,3159.314716,105.2082045
2012,8,11054.9,449.8994966,923.5229728,434.7853866,60.30107518,2184.425141,2738.364399,3164.157006,105.5298133
2012,9,11131,451.1083387,938.2140089,444.264371,33.11774778,2247.924627,2750.686514,3155.272491,105.7836139
2012,10,11144.7,446.2576522,940.9096485,455.8405222,-33.17620222,2179.650672,2714.293313,3153.252809,105.964224
2012,11,11161.7,440.1804301,962.1273657,463.2587327,34.52119505,2209.986391,2788.441843,3143.374573,105.902652
2012,12,11186.5,444.8548943,962.5609426,469.0579963,53.89401636,2252.352718,2734.839673,3133.949925,105.9394005
2013,1,11225.4,435.2811793,959.7433409,477.0687732,171.6304179,2238.633691,2766.135292,3120.265643,106.1381407
2013,2,11283,439.5710953,974.7041834,487.4380643,11.79470703,2256.876458,2809.792775,3130.699773,106.4654694
2013,3,11261.6,443.0896487,988.3856207,495.0530459,7.46486778,2231.151711,2709.233381,3111.165763,106.4431528
2013,4,11253.9,448.3418358,960.4771804,501.9487043,104.3237454,2248.064913,2762.016935,3113.342228,106.4401587
2013,5,11279.5,455.3104996,995.8227941,507.4021182,19.53511952,2238.05996,2796.126078,3109.972527,106.5379985
2013,6,11320.2,460.411367,984.926083,512.6596324,69.77313535,2273.04398,2745.14904,3116.999568,106.732322
2013,7,11343.1,475.130833,962.1493707,518.1951287,101.6954339,2268.599477,2753.090477,3104.263999,106.8955523
2013,8,11370.2,475.8954545,968.163208,522.8407605,142.1172295,2273.74971,2755.529475,3112.370218,107.0877244
2013,9,11423.9,477.3507564,975.3948915,524.4400333,132.7173327,2279.989375,2792.426584,3120.311587,107.2688887
2013,10,11465.2,479.2512333,988.0383004,522.4824544,127.9070966,2328.796799,2792.3029,3116.56852,107.4689817
2013,11,11542,483.5314639,1016.804277,525.788335,121.7426604,2349.150937,2776.539219,3122.481337,107.6405799
2013,12,11566,490.2385562,1019.030649,528.1429531,98.18223627,2333.17181,2765.018262,3114.197504,107.7968665
2014,1,11576.3,504.5032994,996.5808372,530.3659454,51.24533033,2327.317964,2819.424859,3123.298311,107.9579844
2014,2,11629.1,518.4412917,1010.666924,529.9104522,66.71383407,2315.119093,2845.117402,3126.065888,108.0492088
2014,3,11715.1,523.505087,1023.709364,538.4587511,13.57584314,2377.586463,2904.726906,3131.318534,108.2436268
2014,4,11748.4,532.4707922,1021.750515,546.4764546,92.75236806,2374.655895,2925.218232,3140.062163,108.4925523
2014,5,11787.3,536.1541737,1031.980799,552.1545234,102.449539,2403.165472,2905.295668,3146.316659,108.7045944
2014,6,11840.1,542.7248429,1061.891863,555.3354033,52.9040919,2395.919957,2881.220193,3153.506399,108.8784991
2014,7,11881.1,540.2959051,1066.994485,561.4873179,136.2575481,2398.156488,2881.364087,3177.847411,109.0956916
2014,8,11966.8,542.638072,1096.770142,565.8638978,93.59816212,2400.752597,2866.918236,3181.285135,109.1644106
2014,9,11975.6,543.921766,1091.149717,576.0644405,65.90529009,2367.990897,2886.048572,3175.467195,109.3002547
2014,10,12050.4,556.9092441,1054.971279,579.6502085,104.2817984,2396.19521,2906.660792,3184.51287,109.3536621
2014,11,12098.2,557.4222786,1041.042105,590.6618864,88.72265757,2368.762777,2873.477712,3165.453924,109.3741335
2014,12,12095.6,551.0654704,1059.991201,601.2392188,67.4315484,2358.187517,2902.402179,3179.429169,109.3075924
2015,1,12088.3,552.0476654,1067.350439,605.3433173,118.1894264,2295.419023,2830.733348,3166.039969,109.1088418
2015,2,12128.6,551.665854,1071.390293,608.7415594,178.9867121,2278.29312,2744.954539,3170.763082,109.3210909
2015,3,12209.6,554.2688336,1081.34246,609.0875419,148.6298573,2293.432043,2906.085216,3191.759457,109.5484566
2015,4,12228.3,556.0489376,1075.548925,616.1145251,129.3844506,2317.18762,2823.148979,3208.537816,109.6922852
2015,5,12302.8,557.7069927,1065.777119,624.8294222,55.67798992,2299.913687,2790.821128,3215.1294,109.93824
2015,6,12321.5,556.5044643,1079.413087,634.4670748,169.2945613,2294.682297,2819.072905,3235.613493,110.1160965
2015,7,12374.9,541.0740293,1086.355785,640.032334,73.01647794,2284.123553,2790.414192,3232.208899,110.2384312
2015,8,12408.3,539.318547,1105.224314,646.48964,88.83189822,2241.406785,2796.496103,3234.379998,110.2883758
2015,9,12440.1,528.3479571,1100.330159,653.4098378,155.1016224,2244.358434,2775.285514,3238.512708,110.3323186
2015,10,12454.1,513.2697099,1094.42329,656.1603958,92.99542346,2224.774543,2749.6591,3249.333971,110.4558878
2015,11,12499.2,505.5260959,1099.682345,662.0659124,37.2605463,2207.082177,2723.704005,3238.343094,110.57244
2015,12,12531.4,494.2245263,1056.359554,669.7034565,95.95003142,2198.330956,2717.136131,3246.379272,110.5080517
2016,1,12536.6,499.184611,1066.183708,678.9514916,42.27899622,2150.876942,2696.758395,3244.24807,110.547758
2016,2,12584.5,504.0129096,1040.746002,690.088051,-13.6406004,2179.43339,2744.992557,3249.712045,110.5250514
2016,3,12593.3,510.656278,1031.686651,695.5372793,97.94360669,2169.277259,2636.514156,3251.044221,110.6765771
2016,4,12699.8,503.811512,1048.733249,689.8796837,36.98990338,2193.836997,2665.688328,3245.049153,111.0603583
2016,5,12750.4,509.9634913,1048.676023,689.6908035,-19.25106495,2196.919742,2700.614972,3260.261086,111.2725805
2016,6,12814.8,512.3862204,1035.400617,689.3470409,18.82815916,2214.649273,2743.843752,3279.163355,111.4114241
2016,7,12849.4,525.4079125,1044.155528,691.0966803,-39.46625822,2230.769673,2731.059604,3273.360946,111.46826
2016,8,12883.7,526.7210431,1033.294089,692.025654,58.07852694,2253.403755,2755.24533,3270.280902,111.6162393
2016,9,12965.2,524.7243346,1045.386239,693.7116461,30.80973074,2261.159084,2737.558691,3280.081137,111.8011041
2016,10,13006.2,515.7572765,1045.802451,704.1083893,-35.51308813,2231.073101,2770.324109,3285.187972,112.0473685
2016,11,13046.9,527.1807198,1035.896271,714.4515953,151.8920245,2220.621569,2805.493659,3292.308072,112.1665319
2016,12,13117.7,534.3261235,1051.202802,719.9703857,91.98306699,2272.742527,2841.559014,3282.876,112.3552825
2017,1,13160,540.8989807,1052.715443,731.0996732,23.65972763,2288.321993,2908.323459,3295.559344,112.6983445
2017,2,13175,549.5357769,1055.477337,736.1482392,-8.584427285,2296.635625,2863.435594,3327.611235,112.8261462
2017,3,13239.7,554.8365356,1064.624343,738.2869307,-15.49230309,2301.84354,2863.493244,3337.574955,112.7140109
2017,4,13281.7,555.129545,1071.519188,730.0620853,-79.83454117,2299.593743,2885.890889,3322.502339,112.9514772
2017,5,13310.3,568.3519448,1086.039828,728.2925109,11.60125589,2309.21775,2882.51781,3341.961788,113.000523
2017,6,13329.1,565.5114632,1089.441198,730.1069585,82.78928726,2335.809388,2877.9882,3331.754849,113.1355658
2017,7,13369,561.2577368,1106.603033,721.7633048,33.16077434,2334.078483,2873.187461,3335.963548,113.3246341
2017,8,13392.8,556.9238183,1099.230431,725.3265947,109.826447,2337.552226,2865.950475,3355.886892,113.5760998
2017,9,13525.5,558.6984464,1127.183376,738.7194998,-17.28422295,2366.192705,2901.122118,3377.537744,113.9402816
2017,10,13569.6,559.0022882,1128.062344,744.8459008,-27.80168691,2369.519747,2946.754609,3395.737272,114.1053491
2017,11,13665.3,568.5281188,1149.345685,757.2639954,36.13093849,2425.102392,3021.880876,3405.574976,114.2949942
2017,12,13728,583.4872999,1150.080433,765.0608189,39.79974874,2463.992198,3096.063645,3418.342449,114.4240111
2018,1,13747.3,585.8842989,1146.482285,775.2521584,46.61994939,2427.771588,3093.023608,3442.280178,114.70206
2018,2,13753.2,599.621048,1153.253668,776.900259,76.44363726,2464.741638,3144.011199,3442.509433,114.844723
2018,3,13827.1,598.6659597,1176.702383,752.534358,-55.9985881,2512.448346,3090.03056,3445.826602,114.9384109
