Year,Quarter,PCEC,NR_STRUC_Q,equip_q,RES_Q,INVTCHANGE_Q,exports_q,imports_q,GOV_Q,GDPDEF
1939,1,156.161,7.889,9.402,10.541,0.495,18.394,7.519,40.274,11.141
1939,2,156.161,7.889,9.402,10.541,0.495,18.394,7.519,40.274,11.141
1939,3,156.161,7.889,9.402,10.541,0.495,18.394,7.519,40.274,11.141
1939,4,156.161,7.889,9.402,10.541,0.495,18.394,7.519,40.274,11.141
1940,1,156.161,7.889,9.402,10.541,0.495,18.394,7.519,40.274,11.141
1940,2,156.161,7.889,9.402,10.541,0.495,18.394,7.519,40.274,11.141
1940,3,156.161,7.889,9.402,10.541,0.495,18.394,7.519,40.274,11.141
1940,4,156.161,7.889,9.402,10.541,0.495,18.394,7.519,40.274,11.141
1941,1,156.161,7.889,9.402,10.541,0.495,18.394,7.519,40.274,11.141
1941,2,156.161,7.889,9.402,10.541,0.495,18.394,7.519,40.274,11.141
1941,3,156.161,7.889,9.402,10.541,0.495,18.394,7.519,40.274,11.141
1941,4,156.161,7.889,9.402,10.541,0.495,18.394,7.519,40.274,11.141
1942,1,156.161,7.889,9.402,10.541,0.495,18.394,7.519,40.274,11.141
1942,2,156.161,7.889,9.402,10.541,0.495,18.394,7.519,40.274,11.141
1942,3,156.161,7.889,9.402,10.541,0.495,18.394,7.519,40.274,11.141
1942,4,156.161,7.889,9.402,10.541,0.495,18.394,7.519,40.274,11.141
1943,1,156.161,7.889,9.402,10.541,0.495,18.394,7.519,40.274,11.141
1943,2,156.161,7.889,9.402,10.541,0.495,18.394,7.519,40.274,11.141
1943,3,156.161,7.889,9.402,10.541,0.495,18.394,7.519,40.274,11.141
1943,4,156.161,7.889,9.402,10.541,0.495,18.394,7.519,40.274,11.141
1944,1,156.161,7.889,9.402,10.541,0.495,18.394,7.519,40.274,11.141
1944,2,156.161,7.889,9.402,10.541,0.495,18.394,7.519,40.274,11.141
1944,3,156.161,7.889,9.402,10.541,0.495,18.394,7.519,40.274,11.141
1944,4,156.161,7.889,9.402,10.541,0.495,18.394,7.519,40.274,11.141
1945,1,156.161,7.889,9.402,10.541,0.495,18.394,7.519,40.274,11.141
1945,2,156.161,7.889,9.402,10.541,0.495,18.394,7.519,40.274,11.141
1945,3,156.161,7.889,9.402,10.541,0.495,18.394,7.519,40.274,11.141
1945,4,156.161,7.889,9.402,10.541,0.495,18.394,7.519,40.274,11.141
1946,1,156.161,7.889,9.402,10.541,0.495,18.394,7.519,40.274,11.141
1946,2,156.161,7.889,9.402,10.541,0.495,18.394,7.519,40.274,11.141
1946,3,156.161,7.889,9.402,10.541,0.495,18.394,7.519,40.274,11.141
1946,4,156.161,7.889,9.402,10.541,0.495,18.394,7.519,40.274,11.141
1947,1,156.161,7.889,9.402,10.541,0.495,18.394,7.519,40.274,11.141
1947,2,160.031,7.947,9.446,10.573,-1.24,19.497,8.203,40.138,11.299
1947,3,163.543,8.28,9.384,12.466,-2.917,19.433,7.663,39.361,11.489
1947,4,167.672,8.432,9.827,15.254,1.456,17.636,8.347,39.534,11.772
1948,1,170.372,8.833,10.404,15.345,3.626,16.917,9.624,40.875,11.865
1948,2,174.142,9.327,9.829999999999998,16.427,5.859,15.241,10.036,42.884,11.972
1948,3,177.072,9.854,9.893,16.283,7.152,15.405,10.456,44.66,12.193
1948,4,177.928,10.09,10.24,15.177,5.997,14.625,10.124,46.603,12.23
1949,1,176.831,9.736,9.957,14.169,0.388,16.082,9.604,48.585,12.165
1949,2,178.446,9.377,9.515,13.913,-5.148,15.647,9.364,50.381,12.043
1949,3,177.806,8.915,9.182,14.744,-1.307,14.115,8.936,50.356,11.988
1949,4,180.249,8.684,9.05,16.538,-4.699,12.091,9.092,49.91,11.989
1950,1,182.92,9.075,9.104,18.339,2.024,11.704,9.501,48.956,11.97
1950,2,186.806,9.502,10.21,20.603,2.833,11.872,10.229,49.643,12.011
1950,3,200.505,10.269,11.967,22.555,4.177,12.293,13.033,49.746,12.272
1950,4,197.946,10.982,12.327,21.478,14.044,13.531,13.685,53.713,12.502
1951,1,209.207,11.467,12.008,21.057,10.386,15.043,14.866,62.033,12.953
1951,2,204.942,12.151,12.179,18.467,14.792,17.121,15.178,69.821,13.039
1951,3,207.616,12.28,12.607,17.398,9.74,18.052,14.31,78.046,13.047
1951,4,211.59,11.918,12.134,17.723,4.719,18.18,13.99,83.314,13.196
1952,1,212.969,12.029,12.244,18.269,4.732,18.679,14.958,84.998,13.19
1952,2,217.088,12.075,12.351,18.763,-1.523,16.581,14.63,88.987,13.206
1952,3,219.553,12.15,10.361,18.754,5.574,15.246,15.25,90.931,13.354
1952,4,227.67,12.642,11.729,19.647,5.274,15.329,16.342,93.418,13.39
1953,1,231.22,13.061,12.724,19.982,3.89,15.128,15.795,95.764,13.393
1953,2,232.96,13.499,13.221,20.073,3.577,15.196,16.447,97.925,13.42
1953,3,233.666,13.749,13.643,19.49,2.331,15.755,16.307,96.622,13.476
1953,4,233.112,13.971,13.578,19.251,-2.006,15.172,15.507,96.747,13.501
1954,1,235.154,13.92,13.171,19.351,-1.966,14.424,14.78,94.831,13.544
1954,2,237.885,13.877,12.831,20.668,-3.378,16.438,16.184,92.534,13.556
1954,3,240.303,13.852,13.203,22.183,-2.091,15.878,15.304,91.148,13.574
1954,4,245.093,13.811,13.047,23.565,-0.316,16.605,15.46,91.356,13.611
1955,1,251.398,14.274,13.116,25.419,3.804,17.273,16.169,91.869,13.675
1955,2,256.466,14.744,14.345,26.005,4.62,16.942,17.097,92.533,13.731
1955,3,260.651,15.438,15.526,25.626,4.295,18.145,17.421,94.099,13.827
1955,4,264.639,16.172,16.035,24.565,7.233,18.349,18.109,93.331,13.964
1956,1,266.156,17.415,15.487,24.132,6.398,19.365,18.925,94.848,14.104
1956,2,268.834,17.982,15.953,24.374,3.585,20.882,18.973,98.247,14.187
1956,3,272.075,18.59,16.469,23.952,3.569,21.822,19.253,98.279,14.365
1956,4,277.445,18.733,17.071,23.491,2.244,23.068,18.541,101.345,14.423
1957,1,281.889,18.77,17.711,23.101,2.162,24.919,20.1,105.342,14.621
1957,2,284.176,18.992,17.653,22.61,2.657,24.369,20.27,105.842,14.723
1957,3,288.75,19.096,18.405,22.464,2.808,23.759,19.762,107.405,14.811
1957,4,290.368,18.942,17.791,22.349,-4.518,23.022,19.634,110.062,14.821
1958,1,289.888,18.084,15.273,21.37,-4.009,20.534,19.455,109.843,14.982
1958,2,292.819,17.594,14.034,21.469,-4.235,20.546,20.075,113.624,15.025
1958,3,297.893,17.259,13.422,23.017,1.547,20.595,19.739,115.093,15.117
1958,4,301.823,17.579,14.576,25.434,5.235,20.563,20.823,117.992,15.189
1959,1,309.449,17.397,15.967,28.348,3.876,21.915,21.396,117.195,15.224
1959,2,315.505,18.037,16.691,29.358,7.288,21.776,22.544,118.535,15.248
1959,3,320.725,18.644,17.501,28.801,0.384,24.079,22.868,119.492,15.307
1959,4,322.842,18.519,17.03,28.006,4.12,23.131,22.504,118.608,15.367
1960,1,326.364,19.36,18.226,28.954,11.2,26.145,23.288,116.951,15.428
1960,2,332.208,19.473,18.582,26.684,3.224,26.85,23.455,118.38,15.467
1960,3,332.126,19.418,18.027,25.892,4.32,27.561,22.879,122.419,15.52
1960,4,334.024,20.022,16.702,25.893,-5.812,27.622,21.742,124.33,15.566
1961,1,334.52,19.929,15.81,25.914,-2.548,27.56,21.658,126.218,15.6
1961,2,339.455,19.634,16.373,26.118,1.792,26.627,21.899,127.254,15.636
1961,3,342.332,19.665,16.76,27.55,6.656,27.779,23.326,129.961,15.676
1961,4,349.593,19.632,18.364,28.462,5.996,28.442,23.87,133.516,15.725
1962,1,354.822,20.03,18.695,29.01,9.408,28.325,24.314,137.107,15.806
1962,2,360.458,20.828,19.176,29.906,5.444,29.662,24.884,138.426,15.832
1962,3,364.333,21.355,19.299,29.871,6.188,29.593,25.111,142.052,15.865
1962,4,370.618,20.9,18.995,29.785,3.364,28.683,25.55,143.562,15.898
1963,1,374.283,20.233,18.872,30.848,6.868,29.161,25.185,143.724,15.967
1963,2,378.413,21.233,18.825,32.93,4.836,31.448,25.89,144.132,15.995
1963,3,385.394,21.436,19.601,33.184,5.716,31.215,26.704,149.927,16.016
1963,4,390.049,21.891,20.537,34.456,5.064,32.474,26.764,150.989,16.146
1964,1,399.581,22.425,21.0,36.237,5.124,34.192,26.978,152.554,16.197
1964,2,407.536,23.45,21.439,34.988,4.456,34.03,27.726,154.314,16.234
1964,3,416.422,24.25,22.822,34.533,4.692,35.375,28.429,156.033,16.299
1964,4,418.987,24.823,22.779,34.644,5.016,36.48,29.285,156.152,16.373
1965,1,429.711,26.142,25.602,34.768,11.544,32.969,28.457,157.025,16.455
1965,2,436.642,28.166,26.165,35.102,8.568,38.367,31.679,159.808,16.531
1965,3,445.804,28.535,27.504,35.258,9.292,37.551,32.03,166.761,16.595
1965,4,459.736,30.442,28.31,35.523,7.584,39.698,33.948,172.619,16.709
1966,1,470.136,31.098,29.78,35.946,13.872,39.356,34.99,177.032,16.816
1966,2,475.189,31.172,30.853,34.362,12.316,40.872,36.24,181.659,16.954
1966,3,484.291,31.907,30.768,33.018,11.852,40.857,38.171,189.466,17.118
1966,4,490.06,31.217,31.271,30.188,16.504,42.594,38.829,193.621,17.261
1967,1,494.317,31.668,30.606,29.389,15.423,43.886,39.432,202.588,17.333
1967,2,503.458,30.934,31.042,32.857,6.341,43.239,39.02,203.811,17.421
1967,3,510.717,31.476,31.07,34.786,9.263,42.845,39.543,208.379,17.588
1967,4,518.249,31.966,32.024,37.476,8.433,43.896,41.652,213.293,17.784
1968,1,536.297,33.051,34.543,38.268,8.438,45.452,44.399,219.749,17.981
1968,2,550.014,33.184,33.721,39.563,14.082,47.165,45.416,223.637,18.171
1968,3,566.122,33.232,34.77,40.394,7.681,49.891,48.24,227.37,18.349
1968,4,574.977,34.762,36.596,42.572,6.007,49.116,48.17,231.347,18.608
1969,1,587.005,35.794,37.741,44.906,11.489,44.042,43.804,233.705,18.8
1969,2,598.337,36.671,37.934,45.13,9.222,53.775,52.671,236.859,19.039
1969,3,608.626,38.931,38.481,44.962,10.194,53.596,52.365,242.535,19.307
1969,4,620.586,39.399,37.603,42.503,5.787,56.275,53.126,242.838,19.556
1970,1,631.685,39.49,37.054,42.493,1.823,57.031,53.517,247.889,19.832
1970,2,641.57,40.313,36.816,41.365,5.081,60.411,55.204,249.143,20.108
1970,3,653.482,40.578,37.604,42.566,5.083,60.519,56.431,254.584,20.273
1970,4,660.161,40.767,34.637,47.218,-3.984,60.873,57.888,258.708,20.541
1971,1,679.186,41.504,36.888,50.961,12.254,63.221,58.651,261.905,20.853
1971,2,693.225,42.335,37.405,56.974,10.875,62.894,63.296,266.118,21.127
1971,3,705.599,43.118,37.569,60.68,10.188,65.717,65.482,269.783,21.342
1971,4,721.739,43.758,39.621,63.995,-0.295,60.019,61.939,272.067,21.52
1972,1,738.948,45.781,40.97,69.156,3.227,68.639,72.173,282.228,21.848
1972,2,757.364,46.607,42.267,70.824,11.998,67.152,71.409,286.464,21.984
1972,3,775.799,47.314,42.952,72.36,13.715,71.453,74.09,284.316,22.194
1972,4,800.502,48.99,46.84699999999999,77.257,7.491,76.129,79.19,291.749,22.477
1973,1,825.007,51.327,48.86799999999999,80.925,10.55,83.959,85.36,299.571,22.736
1973,2,840.527,54.06,52.372,78.707,18.206,91.923,89.468,302.709,23.086
1973,3,858.877,56.831,53.741,77.932,9.761,97.576,91.139,304.189,23.535
1973,4,873.887,57.714,55.354,75.723,24.993,107.62,98.669,312.593,24.004
1974,1,891.868,58.984,56.081,72.438,12.519,116.709,110.315,324.586,24.457
1974,2,920.422,61.333,57.191,71.157,17.416,126.668,129.382,334.957,25.035
1974,3,949.276,61.417,58.642,70.949,5.578,126.638,133.61,346.71,25.769
1974,4,959.079,63.214,55.838,63.324,20.446,136.585,136.552,359.228,26.527
1975,1,985.19,61.682,54.506,61.197,-10.028,141.369,124.888,370.138,27.13
1975,2,1013.582,60.409,54.791,63.959,-13.954,136.827,115.245,373.408,27.533
1975,3,1047.192,61.275,57.575,68.772,-1.388,134.098,122.055,385.394,28.019
1975,4,1076.223,62.034,59.114,73.005,0.348,142.531,128.73,395.571,28.488
1976,1,1109.908,64.099,61.63800000000001,80.441,14.693,143.588,138.938,401.291,28.789
1976,2,1129.54,65.057,62.812,84.847,22.448,146.621,147.116,400.985,29.079
1976,3,1158.806,66.683,64.431,84.874,20.807,151.775,155.848,403.517,29.455
1976,4,1192.408,67.821,67.559,96.888,10.518,156.076,162.68,410.818,29.983
1977,1,1228.212,69.732,73.704,102.213,14.822,155.354,176.433,421.202,30.465
1977,2,1255.98,73.631,76.131,116.485,19.469,161.906,183.042,431.362,30.895
1977,3,1286.905,76.409,79.69800000000001,119.982,30.884,162.325,182.904,438.014,31.271
1977,4,1324.804,78.54,85.346,122.235,24.121,157.809,187.391,446.749,31.947
1978,1,1354.053,80.018,87.37100000000001,126.921,25.453,164.601,203.282,452.589,32.411
1978,2,1411.385,90.259,95.219,136.976,24.257,186.215,208.84,472.288,33.031
1978,3,1442.217,98.559,97.556,142.302,24.966,191.302,215.062,484.229,33.592
1978,4,1481.354,105.498,100.062,145.84,28.487,205.415,221.815,496.241,34.279
1979,1,1517.141,107.879,108.25,145.262,23.852,211.669,229.828,501.818,34.904
1979,2,1557.635,112.844,107.357,147.625,27.401,220.908,243.097,516.508,35.759
1979,3,1611.867,121.814,111.548,150.488,12.131,234.277,257.306,533.106,36.541
1979,4,1655.035,128.268,112.021,147.99,8.553,253.664,280.466,547.775,37.219
1980,1,1702.302,132.557,111.961,140.171,9.899,268.508,304.311,568.781,38.001
1980,2,1704.723,132.299,105.47,116.864,7.75,277.389,292.6,588.547,38.905
1980,3,1763.771,135.769,108.234,123.21,-33.855,284.673,279.202,592.169,39.774
1980,4,1831.874,144.056,110.84,137.835,-9.118,292.517,299.2,608.893,40.81
1981,1,1885.734,150.017,114.455,137.601,38.755,305.467,319.726,633.35,41.885
1981,2,1917.524,161.01,115.057,135.265,11.713,308.455,321.963,648.673,42.715
1981,3,1958.099,169.743,118.246,126.228,43.96,302.339,309.9,657.774,43.519
1981,4,1974.447,188.485,116.406,114.834,24.807,304.695,319.445,677.727,44.271
1982,1,2014.155,186.622,114.105,109.701,-21.466,293.202,309.478,688.104,44.88
1982,2,2039.645,182.45,110.732,107.717,-4.166,294.729,299.115,703.093,45.463
1982,3,2085.671,172.926,106.26,108.433,5.798,279.634,309.282,717.344,46.108
1982,4,2145.554,168.257,106.864,117.54,-39.82,265.274,294.861,737.351,46.586
1983,1,2184.589,158.581,104.085,138.473,-35.06,270.703,295.251,747.852,46.938
1983,2,2249.438,149.502,106.613,155.0,-7.672,272.514,317.949,761.061,47.286
1983,3,2319.895,152.648,114.596,171.101,-4.204,278.181,343.381,782.216,47.789
1983,4,2372.496,156.644,124.269,179.877,23.932,286.587,357.972,775.099,48.151
1984,1,2418.165,165.735,125.759,186.425,72.982,292.975,387.978,794.021,48.639
1984,2,2475.876,175.807,131.73,191.299,69.321,302.2,406.501,819.132,49.055
1984,3,2513.523,182.528,135.025,190.872,71.338,305.744,409.591,835.72,49.491
1984,4,2561.797,185.519,137.674,192.86,47.979,308.603,416.359,862.769,49.861
1985,1,2636.008,194.875,136.867,194.219,16.23,306.01,397.308,875.592,50.354
1985,2,2681.764,195.236,141.537,196.306,21.646,304.126,418.571,900.527,50.678
1985,3,2754.148,192.21,142.4,201.422,16.303,297.273,414.168,927.363,50.984
1985,4,2779.4,195.751,144.887,208.359,33.119,305.433,438.867,938.584,51.269
1986,1,2823.648,191.672,142.012,219.534,30.397,313.404,439.418,946.803,51.524
1986,2,2851.456,174.504,145.31,234.559,15.663,315.119,443.99,967.519,51.719
1986,3,2917.201,169.021,148.526,240.887,-7.019,320.471,459.432,993.597,51.931
1986,4,2952.807,170.911,147.693,244.268,-12.759,334.999,468.628,996.385,52.214
1987,1,2983.513,166.921,141.458,246.672,27.973,336.451,477.685,1008.681,52.548
1987,2,3053.33,169.576,146.859,249.693,16.524,355.36,502.337,1025.219,52.912
1987,3,3117.358,177.585,147.302,249.969,1.017,371.854,517.318,1036.195,53.313
1987,4,3150.916,182.728,143.487,252.825,63.082,392.107,537.511,1056.024,53.738
1988,1,3231.896,178.614,150.908,250.115,16.956,418.727,542.714,1056.893,54.159
1988,2,3291.716,184.151,155.883,255.51,19.648,439.471,546.098,1070.421,54.686
1988,3,3361.899,183.452,157.717,257.495,18.181,453.586,552.849,1078.19,55.34
1988,4,3434.539,184.943,163.663,261.681,19.144,466.619,574.314,1109.916,55.818
1989,1,3490.172,189.505,160.645,260.884,48.137,485.189,586.154,1116.559,56.4
1989,2,3553.767,189.565,161.724,255.792,36.257,507.229,595.389,1145.809,57.001
1989,3,3609.399,197.739,164.674,255.498,9.826,509.352,584.427,1164.58,57.417
1989,4,3653.692,198.056,157.931,251.884,16.553,515.387,598.152,1180.5,57.826
1990,1,3737.948,204.137,163.042,256.004,13.954,538.232,626.767,1212.45,58.45
1990,2,3783.421,204.572,156.83,246.896,33.7,545.925,614.759,1230.721,59.105
1990,3,3846.7,205.516,165.629,234.507,21.866,555.149,630.102,1242.584,59.611
1990,4,3867.909,197.443,162.908,221.268,-11.335,568.186,647.282,1268.467,60.055
1991,1,3873.562,194.901,163.583,210.289,-15.52,573.177,620.317,1284.187,60.643
1991,2,3926.932,189.888,159.251,217.788,-18.033,590.733,613.921,1296.577,61.088
1991,3,3973.269,177.485,162.101,226.483,0.843,600.595,621.669,1306.265,61.566
1991,4,4000.032,172.151,158.444,230.055,31.133,615.217,638.27,1308.774,61.931
1992,1,4100.401,169.931,155.564,242.362,0.246,625.287,645.823,1326.421,62.161
1992,2,4155.66,170.64,169.163,253.159,23.209,626.163,658.951,1334.807,62.535
1992,3,4226.971,173.047,167.041,255.113,20.512,639.365,677.853,1353.997,62.841
1992,4,4307.205,176.671,178.935,268.331,21.344,641.396,688.536,1362.775,63.273
1993,1,4349.515,175.587,179.788,271.401,35.94,643.606,699.31,1351.818,63.628
1993,2,4418.581,174.132,192.445,278.005,24.104,653.094,716.281,1359.066,64.007
1993,3,4487.189,175.971,187.599,290.939,6.598,650.897,719.251,1367.411,64.387
1993,4,4552.651,182.914,206.796,306.889,16.612,671.6,745.049,1381.394,64.738
1994,1,4621.223,178.514,214.684,315.598,45.362,681.232,761.827,1373.35,65.048
1994,2,4683.163,187.092,213.375,327.929,81.411,706.988,797.56,1389.392,65.362
1994,3,4752.761,188.085,219.988,326.427,53.223,736.883,833.751,1423.432,65.737
1994,4,4826.713,193.38,237.361,325.435,75.142,758.646,860.559,1422.923,66.093
1995,1,4862.436,201.169,249.906,321.787,61.179,781.57,886.899,1437.596,66.452
1995,2,4933.609,207.376,242.003,313.451,33.759,798.851,908.343,1452.892,66.771
1995,3,4998.662,210.305,242.558,326.393,11.326,831.399,905.843,1455.659,67.1
1995,4,5055.655,210.232,245.683,334.645,18.431,839.421,909.201,1451.575,67.423
1996,1,5130.615,214.308,247.808,344.725,6.881,847.94,936.735,1471.295,67.747
1996,2,5220.499,219.793,255.355,361.399,30.521,859.042,952.751,1487.662,68.028
1996,3,5274.505,225.302,266.656,364.315,51.07,859.577,973.757,1496.733,68.251
1996,4,5352.763,238.928,268.867,361.806,34.725,903.798,992.62,1515.702,68.615
1997,1,5433.105,242.66,268.658,365.359,49.745,918.374,1027.213,1515.985,69.025
1997,2,5471.267,242.624,274.826,372.277,88.374,954.45,1039.651,1542.541,69.162
1997,3,5579.179,255.654,284.473,378.952,67.935,974.057,1070.888,1555.224,69.464
1997,4,5663.61,260.124,275.837,385.754,77.652,968.33,1085.344,1574.782,69.695
1998,1,5721.342,261.74,284.464,394.846,105.1,963.021,1098.236,1568.029,69.794
1998,2,5832.566,278.92,288.941,411.33,37.34,947.295,1109.626,1603.691,69.959
1998,3,5926.846,280.799,294.072,427.55,52.42,935.263,1109.897,1627.262,70.255
1998,4,6028.238,282.556,310.53,441.503,60.017,966.337,1145.0,1647.452,70.453
1999,1,6102.04,284.024,314.063,447.363,83.394,960.764,1173.324,1669.139,70.682
1999,2,6230.641,283.078,321.433,459.27,35.111,974.597,1222.126,1694.757,70.949
1999,3,6335.31,285.085,331.989,466.625,40.516,1005.309,1281.712,1733.984,71.2
1999,4,6467.039,290.707,326.458,473.806,84.241,1030.971,1332.679,1781.74,71.595
2000,1,6618.217,300.591,333.2430000000001,484.243,16.157,1052.904,1409.487,1789.895,72.071
2000,2,6711.911,316.209,340.06,486.613,90.444,1093.36,1455.86,1822.524,72.52
2000,3,6819.984,330.932,337.12,483.08,57.233,1125.002,1518.869,1832.078,72.944
2000,4,6918.606,336.288,324.358,487.792,54.344,1113.177,1524.52,1861.253,73.337
2001,1,6995.298,331.757,318.763,496.716,-30.631,1096.812,1499.464,1906.253,73.822
2001,2,7042.25,338.872,308.256,511.008,-11.56,1058.013,1422.028,1947.731,74.266
2001,3,7070.337,347.091,297.854,522.446,-30.116,998.902,1369.536,1953.408,74.558
2001,4,7187.32,316.321,299.51,522.064,-80.829,953.52,1323.208,1992.742,74.792
2002,1,7217.715,302.665,289.526,538.339,0.293,969.157,1356.041,2040.01,75.027
2002,2,7307.955,289.347,283.684,554.846,21.169,1004.154,1432.413,2074.482,75.289
2002,3,7397.135,278.214,282.68,558.88,25.433,1015.56,1463.107,2101.256,75.65
2002,4,7472.958,277.719,277.306,578.313,33.004,1003.046,1499.335,2142.232,76.089
2003,1,7567.16,279.223,265.784,601.444,26.081,1004.201,1529.463,2172.01,76.461
2003,2,7661.458,286.906,282.505,612.032,-6.488,1007.465,1527.336,2198.793,76.73
2003,3,7820.927,287.938,280.764,651.745,0.438,1037.31,1556.304,2220.432,77.169
2003,4,7913.453,292.354,280.862,683.107,36.345,1091.682,1615.376,2251.164,77.639
2004,1,8048.777,292.302,276.101,706.197,46.025,1133.669,1699.644,2286.594,78.193
2004,2,8147.108,300.777,297.169,743.16,73.989,1170.152,1787.734,2320.682,78.824
2004,3,8283.335,313.984,311.466,763.611,64.166,1180.185,1832.856,2356.371,79.324
2004,4,8448.621,323.55,328.743,786.299,72.089,1221.444,1921.78,2388.847,79.939
2005,1,8551.735,337.524,329.491,815.285,102.477,1258.408,1955.063,2426.138,80.578
2005,2,8701.145,344.955,336.435,843.801,28.835,1294.853,2002.063,2452.246,81.158
2005,3,8868.089,355.751,349.124,875.593,12.353,1302.315,2053.275,2494.438,81.898
2005,4,8955.295,373.603,352.842,890.206,86.388,1350.743,2155.529,2528.432,82.571
2006,1,9100.153,397.604,365.004,896.218,78.214,1413.966,2204.784,2580.086,83.156
2006,2,9227.649,420.098,374.534,859.339,75.513,1459.767,2253.809,2610.565,83.882
2006,3,9353.772,435.822,379.492,814.718,78.754,1475.417,2298.702,2630.28,84.468
2006,4,9427.368,447.221,384.315,782.381,43.476,1531.531,2269.198,2674.454,84.77
2007,1,9572.138,469.629,384.2,750.889,21.372,1577.991,2317.264,2718.491,85.576
2007,2,9678.713,498.116,388.29,719.274,42.225,1622.764,2368.569,2769.958,86.171
2007,3,9798.383,526.678,385.989,673.671,44.922,1685.71,2414.664,2808.718,86.642
2007,4,9937.14,546.786,373.333,618.156,27.281,1750.714,2480.413,2865.057,86.993
2008,1,10004.445,556.86,371.387,566.675,-16.673,1813.321,2584.568,2909.64,87.315
2008,2,10129.869,571.937,358.471,538.808,-22.252,1905.282,2681.686,2971.642,87.738
2008,3,10159.078,578.839,344.271,507.06,-15.825,1922.215,2709.569,3029.032,88.399
2008,4,9906.942,576.791,297.767,451.391,-62.215,1700.304,2328.779,3021.826,88.613
2009,1,9814.969,527.728,236.976,404.473,-150.996,1511.768,1932.761,3022.047,88.543
2009,2,9805.502,473.07,221.437,374.685,-196.001,1521.093,1879.461,3070.452,88.396
2009,3,9939.406,429.528,223.432,389.385,-204.006,1594.725,2018.722,3092.058,88.501
2009,4,10004.996,392.94,232.314,391.472,-52.084,1703.508,2176.763,3120.796,88.781
2010,1,10101.822,368.793,251.463,379.435,-1.237,1759.877,2269.069,3133.819,89.036
2010,2,10208.145,382.076,279.815,396.341,36.708,1819.741,2362.255,3165.768,89.471
2010,3,10300.754,379.089,311.135,361.234,112.897,1877.253,2431.195,3158.301,89.743
2010,4,10430.304,389.176,321.513,369.289,67.301,1972.116,2495.702,3164.317,90.264
2011,1,10558.195,362.208,343.943,368.767,32.078,2040.407,2608.884,3155.768,90.726
2011,2,10673.018,392.671,349.047,374.296,61.047,2116.132,2697.224,3168.261,91.326
2011,3,10755.029,421.163,380.963,381.117,-12.033,2156.793,2723.903,3136.922,91.876
2011,4,10809.186,441.786,403.283,391.162,103.956,2150.123,2751.911,3130.765,91.985
2012,1,10959.301,470.093,413.569,414.107,80.278,2189.981,2792.253,3144.024,92.525
2012,2,11005.055,488.086,429.47,419.287,91.406,2215.586,2780.827,3130.438,92.907
2012,3,11059.393,484.703,423.697,433.74,84.429,2227.734,2750.817,3139.112,93.417
2012,4,11165.703,474.859,439.28,460.926,28.734,2237.498,2753.373,3132.308,93.885
2013,1,11277.664,463.63,447.497,485.878,85.223,2255.929,2755.277,3123.454,94.258
2013,2,11315.681,479.157,451.797,508.92,82.693,2261.403,2759.783,3131.143,94.461
2013,3,11408.359,505.483,454.932,524.946,136.649,2285.116,2767.183,3135.192,94.924
2013,4,11551.229,517.584,465.14,526.407,117.343,2349.24,2783.259,3140.517,95.426
2014,1,11646.001,544.989,476.212,535.27,51.995,2343.602,2853.69,3139.06,95.788
2014,2,11810.451,572.236,493.286,554.134,97.753,2395.168,2900.572,3154.366,96.33
2014,3,11959.79,582.391,515.3299999999999,572.535,103.934,2399.191,2888.549,3191.749,96.726
2014,4,12081.561,598.815,508.645,594.197,85.485,2376.218,2906.969,3189.253,96.822
2015,1,12119.763,592.503,525.9739999999999,609.87,175.242,2299.045,2825.476,3187.915,96.769
2015,2,12264.14,597.951,533.684,629.311,151.248,2300.441,2809.968,3234.067,97.325
2015,3,12382.494,584.073,544.483,654.93,126.851,2260.724,2798.806,3253.554,97.583
2015,4,12423.353,563.567,534.0120000000001,669.31,107.15,2222.279,2745.517,3258.142,97.581
2016,1,12523.156,541.427,528.417,693.163,62.318,2181.957,2693.639,3270.141,97.496
2016,2,12665.124,557.013,517.479,704.254,30.484,2221.936,2711.306,3289.566,98.159
2016,3,12797.126,578.523,516.405,712.569,5.324,2270.0,2751.229,3315.171,98.41
2016,4,12921.989,587.862,520.5120000000001,730.983,58.147,2268.339,2799.145,3337.245,98.886
2017,1,13097.306,592.26,521.78,753.643,6.311,2339.728,2873.148,3353.096,99.39
2017,2,13188.73,598.612,526.505,767.212,25.528,2349.681,2903.18,3370.444,99.65
2017,3,13325.065,589.829,541.696,776.428,54.859,2384.524,2916.022,3398.886,100.162
2017,4,13551.401,598.902,558.864,798.28,43.998,2479.107,3034.004,3466.137,100.778
2018,1,13745.074,633.005,570.755,800.265,35.045,2517.268,3093.299,3513.876,101.419
2018,2,13891.294,638.366,569.493,819.613,-3.402,2562.172,3105.995,3570.715,102.136
2018,3,14002.199,641.986,571.279,819.662,98.664,2535.501,3153.747,3626.086,102.577
2018,4,14099.199,633.176,580.006,808.027,95.324,2537.415,3171.622,3650.847,103.019
2019,1,14150.191,642.215,578.963,803.435,114.925,2540.244,3132.539,3702.934,103.328
2019,2,14350.662,670.644,579.864,820.007,83.207,2547.448,3165.41,3761.243,103.862
2019,3,14548.282,702.495,570.713,838.245,70.234,2532.405,3117.952,3814.837,104.192
2019,4,14701.038,696.11,552.625,846.813,23.455,2537.466,3050.824,3864.968,104.516
2020,1,14496.227,692.559,518.513,879.905,-39.039,2416.181,2929.759,3943.012,104.999
2020,2,13175.637,609.315,401.348,818.153,-282.276,1814.401,2350.926,4025.974,104.612
2020,3,14478.033,598.092,453.415,950.156,98.975,2105.083,2801.482,4001.57,105.527
2020,4,14752.732,598.872,476.119,1034.205,78.055,2268.891,3027.199,4027.995,106.244
2021,1,15259.427,612.592,483.535,1086.498,-41.219,2381.224,3176.982,4147.626,107.59
2021,2,16016.346,622.679,499.562,1114.865,-164.611,2505.032,3340.114,4170.015,109.256
2021,3,16363.876,630.086,481.826,1145.132,1.807,2570.103,3458.783,4213.97,110.897
2021,4,16816.132,647.857,466.122,1183.47,252.794,2765.36,3685.956,4282.318,112.826
2022,1,17175.105,691.224,486.879,1220.405,244.937,2848.698,3925.742,4332.61,115.119
2022,2,17603.753,735.351,512.943,1225.801,116.971,3071.551,4093.663,4437.609,117.731
2022,3,17876.234,781.711,537.809,1163.853,73.821,3102.55,3988.447,4480.05,119.057
2022,4,18108.27,816.061,576.99,1105.148,162.858,3046.718,3897.402,4564.792,120.157
2023,1,18506.211,857.581,603.358,1084.017,20.894,3060.562,3874.21,4624.586,121.251
2023,2,18685.724,888.707,643.565,1091.949,0.01,2995.524,3799.003,4645.905,121.804
2023,3,18928.987,884.136,650.0029999999999,1125.342,89.189,3062.041,3843.132,4756.448,122.768
2023,4,19170.154,905.787,642.04,1144.657,56.688,3091.748,3882.899,4815.15,123.241
2024,1,19424.775,914.933,644.676,1180.671,21.404,3125.421,3966.989,4880.96,124.163
2024,2,19682.699,916.042,673.053,1182.582,96.792,3154.321,4061.192,4943.041,124.943
2024,3,19938.425,908.641,701.519,1179.749,75.97,3220.292,4163.975,5035.008,125.532
2024,4,20262.717,910.596,683.3720000000001,1201.318,15.474,3218.6,4149.659,5098.078,126.272
